time_zone,temp,humidity,description
2025-02-19 05:40:45,0.76,29,clear sky
2025-02-19 05:45:00,0.76,29,clear sky
2025-02-19 05:57:12,0.76,29,clear sky
2025-02-19 06:44:22,1.76,25,clear sky
2025-02-19 06:56:43,1.76,25,clear sky
2025-02-19 07:27:36,0.76,25,clear sky
2025-02-19 07:39:53,0.76,25,clear sky
2025-02-19 07:52:39,0.76,25,clear sky
2025-02-19 08:39:58,0.76,29,clear sky
2025-02-19 08:52:22,0.76,29,clear sky
2025-02-19 09:30:53,-1.24,29,clear sky
2025-02-19 09:43:10,-1.24,29,clear sky
2025-02-19 09:55:17,-1.24,29,clear sky
2025-02-19 10:38:42,-3.24,39,clear sky
2025-02-19 10:51:00,-3.24,39,clear sky
2025-02-19 11:23:17,-3.24,43,clear sky
2025-02-19 11:38:15,-3.24,43,clear sky
2025-02-19 11:50:51,-3.24,43,clear sky
2025-02-19 13:02:27,-4.24,50,clear sky
2025-02-19 13:36:35,-5.24,50,clear sky
2025-02-19 13:48:55,-5.24,50,clear sky
2025-02-19 14:34:34,-5.24,54,clear sky
2025-02-19 14:47:05,-5.24,54,clear sky
2025-02-19 14:59:13,-5.24,54,clear sky
2025-02-19 15:33:07,-6.24,58,clear sky
2025-02-19 15:45:30,-6.24,58,clear sky
2025-02-19 15:57:49,-6.24,58,clear sky
2025-02-19 16:43:01,-6.24,58,clear sky
2025-02-19 16:55:27,-6.24,58,clear sky
2025-02-19 17:31:57,-8.24,62,clear sky
2025-02-19 17:44:11,-8.24,62,clear sky
2025-02-19 17:56:38,-8.24,62,clear sky
2025-02-19 18:42:53,-8.24,67,clear sky
2025-02-19 18:55:23,-8.24,67,clear sky
2025-02-19 19:20:29,-3.86,41,clear sky
2025-02-19 19:36:47,-9.24,73,clear sky
2025-02-19 19:49:28,-9.24,73,clear sky
2025-02-19 20:31:13,-10.24,85,clear sky
2025-02-19 20:43:34,-10.24,85,clear sky
2025-02-19 20:56:09,-10.24,85,clear sky
2025-02-19 21:26:33,-10.24,85,clear sky
2025-02-19 21:39:22,-10.24,85,clear sky
2025-02-19 21:51:44,-10.24,85,clear sky
2025-02-19 22:30:38,-8.24,73,clear sky
2025-02-19 22:42:47,-8.24,73,clear sky
2025-02-19 22:55:00,-8.24,73,clear sky
2025-02-19 23:27:23,-7.24,73,clear sky
2025-02-19 23:40:09,-7.24,73,clear sky
2025-02-19 23:52:41,-7.24,73,clear sky
2025-02-20 02:53:36,-0.24,32,clear sky
2025-02-20 03:39:34,0.76,29,clear sky
2025-02-20 03:51:57,0.76,29,clear sky
2025-02-20 04:36:47,0.76,29,clear sky
2025-02-20 04:49:31,0.76,29,clear sky
2025-02-20 05:32:24,1.76,27,clear sky
2025-02-20 05:44:39,1.76,27,clear sky
2025-02-20 05:56:47,1.76,27,clear sky
2025-02-20 06:44:03,1.76,27,clear sky
2025-02-20 06:56:09,1.76,27,clear sky
2025-02-20 07:26:50,1.76,27,clear sky
2025-02-20 07:39:14,1.76,27,clear sky
2025-02-20 07:52:01,1.76,27,clear sky
2025-02-20 08:39:23,0.76,23,clear sky
2025-02-20 08:51:47,0.76,23,clear sky
2025-02-20 09:30:50,-1.24,29,clear sky
2025-02-20 09:43:05,-1.24,29,clear sky
2025-02-20 09:55:12,-1.24,29,clear sky
2025-02-20 10:39:02,-2.24,34,clear sky
2025-02-20 10:51:27,-2.24,34,clear sky
2025-02-20 11:23:44,-3.24,36,clear sky
2025-02-20 11:38:55,-3.24,36,clear sky
2025-02-20 11:51:19,-3.24,36,clear sky
2025-02-20 13:04:01,-4.24,39,clear sky
2025-02-20 13:38:35,-5.24,50,clear sky
2025-02-20 13:51:15,-5.24,50,clear sky
2025-02-20 14:36:29,-5.24,54,clear sky
2025-02-20 14:48:53,-5.24,54,clear sky
2025-02-20 15:32:52,-6.24,58,clear sky
2025-02-20 15:45:19,-6.24,58,clear sky
2025-02-20 15:57:38,-6.24,58,clear sky
2025-02-20 16:46:18,-7.24,63,clear sky
2025-02-20 16:58:35,-7.24,63,clear sky
2025-02-20 17:30:57,-6.24,63,clear sky
2025-02-20 17:43:28,-6.24,63,clear sky
2025-02-20 17:55:37,-6.24,63,clear sky
2025-02-20 18:43:33,-7.24,63,clear sky
2025-02-20 18:55:53,-7.24,63,clear sky
2025-02-20 19:22:21,-9.24,62,clear sky
2025-02-20 19:38:03,-9.24,62,clear sky
2025-02-20 19:50:19,-9.24,62,clear sky
2025-02-20 21:27:58,-10.24,79,clear sky
2025-02-20 21:40:09,-10.24,79,clear sky
2025-02-20 21:52:37,-10.24,79,clear sky
2025-02-20 22:32:51,-10.24,85,clear sky
2025-02-20 22:45:01,-10.24,85,clear sky
2025-02-20 22:57:30,-10.24,85,clear sky
2025-02-20 23:29:44,-7.24,73,clear sky
2025-02-20 23:42:03,-7.24,73,clear sky
2025-02-20 23:54:13,-7.24,73,clear sky
2025-02-21 02:54:31,-0.24,32,clear sky
2025-02-21 03:38:10,0.76,32,clear sky
2025-02-21 03:50:20,0.76,32,clear sky
2025-02-21 04:40:28,0.76,32,clear sky
2025-02-21 04:52:37,0.76,32,clear sky
2025-02-21 05:32:27,0.76,32,clear sky
2025-02-21 05:44:47,0.76,32,clear sky
2025-02-21 05:57:05,0.76,32,clear sky
2025-02-21 06:43:52,0.76,37,clear sky
2025-02-21 06:56:04,0.76,37,clear sky
2025-02-21 07:27:12,0.76,40,clear sky
2025-02-21 07:39:38,0.76,40,clear sky
2025-02-21 07:52:12,0.76,40,clear sky
2025-02-21 08:38:05,1.76,30,clear sky
2025-02-21 08:50:19,1.76,30,clear sky
2025-02-21 09:29:46,-0.24,27,clear sky
2025-02-21 09:41:58,-0.24,27,clear sky
2025-02-21 09:54:15,-0.24,27,clear sky
2025-02-21 10:37:51,-2.24,37,clear sky
2025-02-21 10:50:22,-2.24,37,clear sky
2025-02-21 11:25:06,-2.15,33,clear sky
2025-02-21 11:38:50,-2.24,40,clear sky
2025-02-21 11:51:28,-2.24,40,clear sky
2025-02-21 13:03:09,-3.24,46,clear sky
2025-02-21 13:32:33,-4.24,50,clear sky
2025-02-21 13:44:42,-4.24,50,clear sky
2025-02-21 13:57:05,-4.24,50,clear sky
2025-02-21 14:33:18,-4.24,50,clear sky
2025-02-21 14:45:39,-4.24,50,clear sky
2025-02-21 14:57:54,-4.24,50,clear sky
2025-02-21 15:31:35,-4.24,54,clear sky
2025-02-21 15:44:00,-4.24,54,clear sky
2025-02-21 15:56:23,-4.24,54,clear sky
2025-02-21 16:39:59,-5.24,58,clear sky
2025-02-21 16:52:39,-5.24,58,clear sky
2025-02-21 17:27:31,-5.24,63,clear sky
2025-02-21 17:39:49,-5.24,63,clear sky
2025-02-21 17:52:25,-5.24,63,clear sky
2025-02-21 18:40:55,-6.24,73,clear sky
2025-02-21 18:53:11,-6.24,73,clear sky
2025-02-21 19:21:02,-7.24,73,clear sky
2025-02-21 19:36:53,-7.24,73,clear sky
2025-02-21 19:49:24,-7.24,73,clear sky
2025-02-21 20:29:27,-8.24,86,clear sky
2025-02-21 20:42:35,-8.24,86,clear sky
2025-02-21 20:54:48,-8.24,86,clear sky
2025-02-21 21:24:05,-7.24,73,clear sky
2025-02-21 21:38:28,-7.24,73,clear sky
2025-02-21 21:50:49,-7.24,73,clear sky
2025-02-21 22:32:24,-7.24,79,clear sky
2025-02-21 22:44:36,-7.24,79,clear sky
2025-02-21 22:57:14,-7.24,79,clear sky
2025-02-21 23:29:01,-6.24,73,clear sky
2025-02-21 23:41:22,-6.24,73,clear sky
2025-02-21 23:53:45,-6.24,73,clear sky
2025-02-22 02:38:51,-0.24,34,clear sky
2025-02-22 03:31:21,0.76,34,clear sky
2025-02-22 03:43:43,0.76,34,clear sky
2025-02-22 03:56:09,0.76,34,clear sky
2025-02-22 04:39:29,1.76,32,clear sky
2025-02-22 04:51:38,1.76,32,clear sky
2025-02-22 05:30:46,0.76,34,clear sky
2025-02-22 05:43:03,0.76,34,clear sky
2025-02-22 05:55:11,0.76,34,clear sky
2025-02-22 06:44:07,0.76,37,clear sky
2025-02-22 06:56:11,0.76,37,clear sky
2025-02-22 07:23:53,0.76,37,clear sky
2025-02-22 07:37:30,0.76,37,clear sky
2025-02-22 07:49:53,0.76,37,clear sky
2025-02-22 08:32:22,0.76,37,clear sky
2025-02-22 08:44:47,0.76,37,clear sky
2025-02-22 08:57:04,0.76,37,clear sky
2025-02-22 09:27:52,-0.49,28,clear sky
2025-02-22 09:40:11,-1.24,47,clear sky
2025-02-22 09:52:44,-1.24,47,clear sky
2025-02-22 10:38:28,-1.24,51,clear sky
2025-02-22 10:51:03,-1.24,51,clear sky
2025-02-22 11:19:36,-2.26,34,clear sky
2025-02-22 11:35:51,-2.24,37,clear sky
2025-02-22 11:47:56,-2.24,37,clear sky
2025-02-22 12:00:19,-2.24,37,clear sky
2025-02-22 12:58:40,-4.24,42,clear sky
2025-02-22 13:29:15,-5.24,46,clear sky
2025-02-22 13:41:44,-5.24,46,clear sky
2025-02-22 13:53:57,-5.24,46,clear sky
2025-02-22 14:29:50,-5.24,50,clear sky
2025-02-22 14:42:19,-5.24,50,clear sky
2025-02-22 14:54:34,-5.24,50,clear sky
2025-02-22 15:27:43,-6.24,53,clear sky
2025-02-22 15:39:58,-6.24,53,clear sky
2025-02-22 15:52:30,-6.24,53,clear sky
2025-02-22 16:35:46,-6.24,58,clear sky
2025-02-22 16:48:12,-6.24,58,clear sky
2025-02-22 17:29:35,-8.24,62,clear sky
2025-02-22 17:42:01,-8.24,62,clear sky
2025-02-22 17:54:34,-8.24,62,clear sky
2025-02-22 18:37:35,-7.24,58,clear sky
2025-02-22 18:50:07,-7.24,58,clear sky
2025-02-22 19:19:01,-9.24,67,clear sky
2025-02-22 19:35:00,-9.24,67,clear sky
2025-02-22 19:47:41,-9.24,67,clear sky
2025-02-22 20:00:09,-9.24,67,clear sky
2025-02-22 20:29:34,-8.24,67,clear sky
2025-02-22 20:42:04,-8.24,67,clear sky
2025-02-22 20:54:16,-8.24,67,clear sky
2025-02-22 21:25:45,-8.24,67,clear sky
2025-02-22 21:38:41,-8.24,67,clear sky
2025-02-22 21:51:05,-8.24,67,clear sky
2025-02-22 22:30:21,-4.86,37,clear sky
2025-02-22 22:42:36,-7.24,63,clear sky
2025-02-22 22:54:56,-7.24,63,clear sky
2025-02-22 23:24:54,-4.93,37,clear sky
2025-02-22 23:39:04,-5.24,58,clear sky
2025-02-22 23:51:33,-5.24,58,clear sky
2025-02-23 02:58:23,-1.24,37,clear sky
2025-02-23 03:40:01,-2.24,34,few clouds
2025-02-23 03:52:38,-2.24,34,few clouds
2025-02-23 04:38:48,-0.24,32,few clouds
2025-02-23 04:50:56,-0.24,32,few clouds
2025-02-23 05:30:58,-0.24,27,clear sky
2025-02-23 05:43:19,-0.24,27,clear sky
2025-02-23 05:55:46,-0.24,27,clear sky
2025-02-23 06:39:32,-0.24,29,clear sky
2025-02-23 06:51:57,-0.24,29,clear sky
2025-02-23 07:25:04,-0.24,34,clear sky
2025-02-23 07:38:31,-0.24,34,clear sky
2025-02-23 07:51:00,-0.24,34,clear sky
2025-02-23 08:33:35,-0.24,29,clear sky
2025-02-23 08:46:26,-0.24,29,clear sky
2025-02-23 08:58:29,-0.24,29,clear sky
2025-02-23 09:30:39,-2.24,34,clear sky
2025-02-23 09:42:43,-2.24,34,clear sky
2025-02-23 09:55:00,-2.24,34,clear sky
2025-02-23 10:34:59,-3.24,36,clear sky
2025-02-23 10:47:40,-3.24,36,clear sky
2025-02-23 10:59:57,-3.24,36,clear sky
2025-02-23 11:23:17,-4.24,42,clear sky
2025-02-23 11:39:54,-4.24,42,clear sky
2025-02-23 11:52:22,-4.24,42,clear sky
2025-02-23 12:59:11,-5.24,50,clear sky
2025-02-23 13:29:29,-5.24,50,clear sky
2025-02-23 13:41:47,-5.24,50,clear sky
2025-02-23 13:53:57,-5.24,50,clear sky
2025-02-23 14:30:40,-6.24,53,clear sky
2025-02-23 14:43:14,-6.24,53,clear sky
2025-02-23 14:55:22,-6.24,53,clear sky
2025-02-23 15:27:36,-6.24,53,clear sky
2025-02-23 15:40:31,-6.24,53,clear sky
2025-02-23 15:52:46,-6.24,53,clear sky
2025-02-23 16:35:37,-6.24,58,clear sky
2025-02-23 16:48:27,-6.24,58,clear sky
2025-02-23 17:27:12,-3.7,39,clear sky
2025-02-23 17:41:27,-8.24,62,clear sky
2025-02-23 17:53:59,-8.24,62,clear sky
2025-02-23 18:37:47,-8.24,67,clear sky
2025-02-23 18:50:21,-8.24,67,clear sky
2025-02-23 19:18:33,-4,41,clear sky
2025-02-23 19:33:53,-10.24,79,clear sky
2025-02-23 19:46:32,-10.24,79,clear sky
2025-02-23 19:58:45,-10.24,79,clear sky
2025-02-23 20:30:00,-10.24,73,clear sky
2025-02-23 20:42:22,-10.24,73,clear sky
2025-02-23 20:55:01,-10.24,73,clear sky
2025-02-23 21:26:05,-9.24,73,clear sky
2025-02-23 21:38:35,-9.24,73,clear sky
2025-02-23 21:51:00,-9.24,73,clear sky
2025-02-23 22:31:03,-10.24,79,clear sky
2025-02-23 22:43:22,-10.24,79,clear sky
2025-02-23 22:55:33,-10.24,79,clear sky
2025-02-23 23:26:05,-4.24,43,clear sky
2025-02-23 23:39:29,-7.24,68,clear sky
2025-02-23 23:51:56,-7.24,68,clear sky
2025-02-24 02:58:57,0.76,32,clear sky
2025-02-24 03:42:48,1.76,30,clear sky
2025-02-24 03:54:53,1.76,30,clear sky
2025-02-24 04:37:54,2.76,30,clear sky
2025-02-24 04:50:21,2.76,30,clear sky
2025-02-24 05:32:30,3.76,33,clear sky
2025-02-24 05:44:42,3.76,33,clear sky
2025-02-24 05:56:55,3.76,33,clear sky
2025-02-24 06:46:16,3.76,33,clear sky
2025-02-24 06:58:30,3.76,33,clear sky
2025-02-24 07:28:02,2.2,24,clear sky
2025-02-24 07:40:15,3.76,30,clear sky
2025-02-24 07:52:58,3.76,30,clear sky
2025-02-24 08:41:06,3.76,30,clear sky
2025-02-24 08:53:15,3.76,30,clear sky
2025-02-24 09:32:10,1.76,35,clear sky
2025-02-24 09:44:36,1.76,35,clear sky
2025-02-24 09:56:46,1.76,35,clear sky
2025-02-24 10:40:02,0.76,40,clear sky
2025-02-24 10:52:34,0.76,40,clear sky
2025-02-24 11:24:14,0.76,60,clear sky
2025-02-24 11:39:22,0.76,60,clear sky
2025-02-24 11:51:32,0.76,60,clear sky
2025-02-24 13:05:25,0.76,64,clear sky
2025-02-24 13:40:43,-0.24,69,clear sky
2025-02-24 13:53:20,-0.24,69,clear sky
2025-02-24 14:37:47,-2.24,86,clear sky
2025-02-24 14:50:11,-2.24,86,clear sky
2025-02-24 15:34:01,-5.24,93,clear sky
2025-02-24 15:46:23,-5.24,93,clear sky
2025-02-24 15:58:36,-5.24,93,clear sky
2025-02-24 16:46:59,-6.24,100,clear sky
2025-02-24 16:59:11,-6.24,100,clear sky
2025-02-24 17:31:06,-5.24,100,clear sky
2025-02-24 17:43:38,-5.24,100,clear sky
2025-02-24 17:55:57,-5.24,100,clear sky
2025-02-24 18:45:39,-7.24,93,clear sky
2025-02-24 18:57:58,-7.24,93,clear sky
2025-02-24 19:23:25,-0.5,65,few clouds
2025-02-24 19:39:13,-6.24,93,clear sky
2025-02-24 19:51:31,-6.24,93,clear sky
2025-02-24 20:31:43,-7.24,100,clear sky
2025-02-24 20:43:59,-7.24,100,clear sky
2025-02-24 20:56:32,-7.24,100,clear sky
2025-02-24 21:27:39,-7.24,100,clear sky
2025-02-24 21:40:43,-7.24,100,clear sky
2025-02-24 21:53:03,-7.24,100,clear sky
2025-02-24 22:33:45,-6.24,100,clear sky
2025-02-24 22:45:58,-6.24,100,clear sky
2025-02-24 22:58:11,-6.24,100,clear sky
2025-02-24 23:28:33,-3.24,93,clear sky
2025-02-24 23:40:52,-3.24,93,clear sky
2025-02-24 23:53:19,-3.24,93,clear sky
2025-02-25 02:58:11,3.76,60,broken clouds
2025-02-25 03:42:30,5.76,52,broken clouds
2025-02-25 03:54:40,5.76,52,broken clouds
2025-02-25 04:37:54,4.76,56,broken clouds
2025-02-25 04:50:01,4.76,56,broken clouds
2025-02-25 05:32:46,4.76,60,broken clouds
2025-02-25 05:45:00,4.76,60,broken clouds
2025-02-25 05:57:23,4.76,60,broken clouds
2025-02-25 06:45:01,4.76,65,broken clouds
2025-02-25 06:57:43,4.76,65,broken clouds
2025-02-25 07:28:44,5.76,61,broken clouds
2025-02-25 07:40:56,5.76,61,broken clouds
2025-02-25 07:53:16,5.76,61,broken clouds
2025-02-25 08:40:03,4.76,65,broken clouds
2025-02-25 08:52:31,4.76,65,broken clouds
2025-02-25 09:31:57,4.76,70,broken clouds
2025-02-25 09:44:06,4.76,70,broken clouds
2025-02-25 09:56:24,4.76,70,broken clouds
2025-02-25 10:39:59,3.76,75,broken clouds
2025-02-25 10:52:24,3.76,75,broken clouds
2025-02-25 11:25:07,3.76,75,broken clouds
2025-02-25 11:39:37,3.76,75,broken clouds
2025-02-25 11:51:52,3.76,75,broken clouds
2025-02-25 13:05:11,3.76,81,scattered clouds
2025-02-25 13:40:02,1.76,93,scattered clouds
2025-02-25 13:52:42,1.76,93,scattered clouds
2025-02-25 14:38:04,1.76,93,scattered clouds
2025-02-25 14:50:20,1.76,93,scattered clouds
2025-02-25 15:33:20,2.76,93,scattered clouds
2025-02-25 15:45:43,2.76,93,scattered clouds
2025-02-25 15:58:17,2.76,93,scattered clouds
2025-02-25 16:46:44,2.76,93,mist
2025-02-25 16:58:52,2.76,93,mist
2025-02-25 17:37:59,2.76,100,mist
2025-02-25 17:50:07,2.76,100,mist
2025-02-25 18:43:04,2.76,100,mist
2025-02-25 18:55:19,2.76,100,mist
2025-02-25 19:23:26,0.58,80,clear sky
2025-02-25 19:38:29,1.76,100,mist
2025-02-25 19:51:01,1.76,100,mist
2025-02-25 20:31:52,-0.24,100,mist
2025-02-25 20:44:03,-0.24,100,mist
2025-02-25 20:56:18,-0.24,100,mist
2025-02-25 21:28:24,-1.24,93,fog
2025-02-25 21:41:53,-1.24,93,fog
2025-02-25 21:54:10,-1.24,93,fog
2025-02-25 22:35:03,-4.24,100,fog
2025-02-25 22:47:35,-4.24,100,fog
2025-02-25 22:59:56,-4.24,100,fog
2025-02-25 23:28:24,-2.24,93,fog
2025-02-25 23:40:42,-2.24,93,fog
2025-02-25 23:52:53,-2.24,93,fog
2025-02-26 02:56:46,4.76,45,haze
2025-02-26 03:44:42,6.76,26,clear sky
2025-02-26 03:57:12,6.76,26,clear sky
2025-02-26 04:42:43,7.76,17,clear sky
2025-02-26 04:55:08,7.76,17,clear sky
2025-02-26 05:34:37,7.76,21,clear sky
2025-02-26 05:46:54,7.76,21,clear sky
2025-02-26 05:59:04,7.76,21,clear sky
2025-02-26 06:45:42,7.76,19,clear sky
2025-02-26 06:57:56,7.76,19,clear sky
2025-02-26 07:28:03,7.76,18,clear sky
2025-02-26 07:40:16,7.76,18,clear sky
2025-02-26 07:52:51,7.76,18,clear sky
2025-02-26 08:40:43,6.76,19,clear sky
2025-02-26 08:52:53,6.76,19,clear sky
2025-02-26 09:31:58,4.76,22,clear sky
2025-02-26 09:44:21,4.76,22,clear sky
2025-02-26 09:56:46,4.76,22,clear sky
2025-02-26 10:39:55,2.76,23,clear sky
2025-02-26 10:52:26,2.76,23,clear sky
2025-02-26 11:25:03,1.76,27,clear sky
2025-02-26 11:39:10,1.76,27,clear sky
2025-02-26 11:51:34,1.76,27,clear sky
2025-02-26 13:04:51,0.76,37,clear sky
2025-02-26 13:39:59,-0.24,40,clear sky
2025-02-26 13:52:15,-0.24,40,clear sky
2025-02-26 14:37:30,-1.24,51,clear sky
2025-02-26 14:49:48,-1.24,51,clear sky
2025-02-26 15:35:28,-4.24,68,clear sky
2025-02-26 15:48:10,-4.24,68,clear sky
2025-02-26 16:43:08,-4.24,74,clear sky
2025-02-26 16:55:47,-4.24,74,clear sky
2025-02-26 17:31:52,-5.24,63,clear sky
2025-02-26 17:44:09,-5.24,63,clear sky
2025-02-26 17:56:13,-5.24,63,clear sky
2025-02-26 18:45:26,0.05,55,clear sky
2025-02-26 18:57:58,0.15,57,clear sky
2025-02-26 19:23:13,0.15,57,clear sky
2025-02-26 19:38:52,0.07,56,clear sky
2025-02-26 19:51:18,0.07,56,clear sky
2025-02-26 20:31:32,-6.24,73,clear sky
2025-02-26 20:43:49,-6.24,73,clear sky
2025-02-26 20:56:09,-6.24,73,clear sky
2025-02-26 21:28:48,-6.24,79,clear sky
2025-02-26 21:41:04,-6.24,79,clear sky
2025-02-26 21:53:23,-6.24,79,clear sky
2025-02-26 22:34:31,-6.24,86,clear sky
2025-02-26 22:47:13,-6.24,86,clear sky
2025-02-26 22:59:40,-6.24,86,clear sky
2025-02-26 23:31:20,-4.24,80,clear sky
2025-02-26 23:43:45,-4.24,80,clear sky
2025-02-26 23:56:03,-4.24,80,clear sky
2025-02-27 02:58:57,8.76,25,clear sky
2025-02-27 03:44:22,9.76,16,clear sky
2025-02-27 03:56:33,9.76,16,clear sky
2025-02-27 04:40:04,11.76,13,clear sky
2025-02-27 04:52:21,11.76,13,clear sky
2025-02-27 05:35:45,12.76,11,clear sky
2025-02-27 05:48:06,12.76,11,clear sky
2025-02-27 06:42:57,12.76,11,few clouds
2025-02-27 06:55:26,12.76,11,few clouds
2025-02-27 07:27:22,12.76,13,clear sky
2025-02-27 07:39:34,12.76,13,clear sky
2025-02-27 07:52:14,12.76,13,clear sky
2025-02-27 08:39:24,11.76,16,clear sky
2025-02-27 08:52:16,11.76,16,clear sky
2025-02-27 09:31:58,10.76,19,clear sky
2025-02-27 09:44:05,10.76,19,clear sky
2025-02-27 09:56:14,10.76,19,clear sky
2025-02-27 10:39:37,6.76,31,clear sky
2025-02-27 10:52:09,6.76,31,clear sky
2025-02-27 11:24:02,7.3,17,broken clouds
2025-02-27 11:39:37,2.76,41,clear sky
2025-02-27 11:52:09,2.76,41,clear sky
2025-02-27 13:05:40,2.76,41,clear sky
2025-02-27 13:40:28,-0.24,51,clear sky
2025-02-27 13:53:00,-0.24,51,clear sky
2025-02-27 14:37:27,-0.24,59,clear sky
2025-02-27 14:50:00,-0.24,59,clear sky
2025-02-27 15:33:11,0.76,60,broken clouds
2025-02-27 15:45:27,0.76,60,broken clouds
2025-02-27 15:57:37,0.76,60,broken clouds
2025-02-27 16:46:47,-0.24,69,broken clouds
2025-02-27 16:58:59,-0.24,69,broken clouds
2025-02-27 17:33:31,0.76,75,broken clouds
2025-02-27 17:45:55,0.76,75,broken clouds
2025-02-27 17:58:29,0.76,75,broken clouds
2025-02-27 18:46:17,0.76,64,broken clouds
2025-02-27 18:58:30,0.76,64,broken clouds
2025-02-27 19:23:57,4,35,broken clouds
2025-02-27 19:39:07,-0.24,64,scattered clouds
2025-02-27 19:51:39,-0.24,64,scattered clouds
2025-02-27 20:32:04,-0.24,69,broken clouds
2025-02-27 20:44:17,-0.24,69,broken clouds
2025-02-27 20:56:35,-0.24,69,broken clouds
2025-02-27 21:28:50,-0.24,80,broken clouds
2025-02-27 21:40:59,-0.24,80,broken clouds
2025-02-27 21:53:31,-0.24,80,broken clouds
2025-02-27 22:36:59,1.76,64,broken clouds
2025-02-27 22:49:17,1.76,64,broken clouds
2025-02-27 23:27:20,1.76,75,broken clouds
2025-02-27 23:39:56,1.76,75,broken clouds
2025-02-27 23:52:20,1.76,75,broken clouds
2025-02-28 02:58:31,9.76,40,broken clouds
2025-02-28 03:43:29,10.76,58,broken clouds
2025-02-28 03:55:37,10.76,58,broken clouds
2025-02-28 04:39:27,10.76,62,broken clouds
2025-02-28 04:51:48,10.76,62,broken clouds
2025-02-28 05:36:00,10.76,62,broken clouds
2025-02-28 05:48:24,10.76,62,broken clouds
2025-02-28 06:42:04,11.76,58,broken clouds
2025-02-28 06:54:31,11.76,58,broken clouds
2025-02-28 07:27:42,11.76,58,broken clouds
2025-02-28 07:40:00,11.76,58,broken clouds
2025-02-28 07:52:35,11.76,58,broken clouds
2025-02-28 08:38:47,10.76,66,scattered clouds
2025-02-28 08:51:36,10.76,66,scattered clouds
2025-02-28 09:31:04,9.76,71,clear sky
2025-02-28 09:43:32,9.76,71,clear sky
2025-02-28 09:55:58,9.76,71,clear sky
2025-02-28 10:38:52,4.76,87,clear sky
2025-02-28 10:51:11,4.76,87,clear sky
2025-02-28 11:23:45,4.76,100,clear sky
2025-02-28 11:39:15,4.76,100,clear sky
2025-02-28 11:51:32,4.76,100,clear sky
2025-02-28 13:04:00,3.76,100,clear sky
2025-02-28 13:38:03,3.76,100,mist
2025-02-28 13:50:42,3.76,100,mist
2025-02-28 14:35:18,0.76,100,mist
2025-02-28 14:47:53,0.76,100,mist
2025-02-28 15:00:17,0.76,100,mist
2025-02-28 15:34:42,0.76,100,fog
2025-02-28 15:47:22,0.76,100,fog
2025-02-28 15:59:42,0.76,100,fog
2025-02-28 16:44:56,-1.24,100,fog
2025-02-28 16:57:25,-0.24,93,fog
2025-02-28 17:31:38,-0.24,100,fog
2025-02-28 17:43:56,-0.24,100,fog
2025-02-28 17:56:08,-0.24,100,fog
2025-02-28 18:45:11,-1.24,100,fog
2025-02-28 18:57:39,-1.24,100,fog
2025-02-28 19:25:15,-0.24,100,fog
2025-02-28 19:39:02,-0.24,100,fog
2025-02-28 19:51:23,-0.24,100,fog
2025-02-28 20:31:49,-0.24,100,fog
2025-02-28 20:44:39,-0.24,100,fog
2025-02-28 20:57:10,-0.24,100,fog
2025-02-28 21:28:04,-1.24,100,fog
2025-02-28 21:40:21,-1.24,100,fog
2025-02-28 21:52:52,-1.24,100,fog
2025-02-28 22:34:28,-1.24,100,fog
2025-02-28 22:47:06,-0.24,100,fog
2025-02-28 22:59:19,-0.24,93,fog
2025-02-28 23:28:11,-0.24,100,fog
2025-02-28 23:40:25,-0.24,100,fog
2025-02-28 23:53:03,-0.24,100,fog
2025-03-01 03:04:38,8.76,71,mist
2025-03-01 03:48:01,13.76,44,haze
2025-03-01 04:00:17,13.76,44,haze
2025-03-01 04:37:36,12.76,47,haze
2025-03-01 04:49:53,12.76,47,haze
2025-03-01 05:31:17,11.76,54,light rain
2025-03-01 05:43:42,11.76,54,moderate rain
2025-03-01 05:56:04,11.76,54,moderate rain
2025-03-01 06:43:18,10.76,82,moderate rain
2025-03-01 06:55:39,10.76,82,broken clouds
2025-03-01 07:26:07,8.86,49,overcast clouds
2025-03-01 07:38:40,11.76,66,haze
2025-03-01 07:51:11,11.76,66,haze
2025-03-01 08:36:15,11.76,62,haze
2025-03-01 08:48:51,11.76,62,haze
2025-03-01 09:27:31,10.76,71,overcast clouds
2025-03-01 09:39:45,10.76,71,haze
2025-03-01 09:52:08,10.76,71,haze
2025-03-01 10:33:45,9.76,76,broken clouds
2025-03-01 10:46:09,9.76,76,broken clouds
2025-03-01 10:58:31,9.76,76,broken clouds
2025-03-01 11:22:28,7.76,81,overcast clouds
2025-03-01 11:39:29,7.76,81,broken clouds
2025-03-01 11:52:07,7.76,81,broken clouds
2025-03-01 12:59:33,5.76,100,mist
2025-03-01 13:31:04,6.76,93,mist
2025-03-01 13:43:25,6.76,93,mist
2025-03-01 13:55:49,6.76,93,mist
2025-03-01 14:32:01,6.76,87,mist
2025-03-01 14:44:15,6.76,87,mist
2025-03-01 14:56:30,6.76,87,mist
2025-03-01 15:31:19,3.76,100,mist
2025-03-01 15:43:38,3.76,100,mist
2025-03-01 15:55:46,3.76,100,mist
2025-03-01 16:37:58,3.76,100,mist
2025-03-01 16:50:40,3.76,100,mist
2025-03-01 17:27:19,3.76,100,mist
2025-03-01 17:39:38,3.76,100,mist
2025-03-01 17:52:17,3.76,100,mist
2025-03-01 18:38:07,3.76,100,mist
2025-03-01 18:50:19,3.76,100,mist
2025-03-01 19:19:14,4.76,100,mist
2025-03-01 19:35:32,4.76,100,mist
2025-03-01 19:47:52,4.76,100,mist
2025-03-01 20:00:21,4.76,100,mist
2025-03-01 20:30:13,5.76,93,mist
2025-03-01 20:42:43,5.76,93,mist
2025-03-01 20:55:07,5.76,93,mist
2025-03-01 21:28:36,4.76,100,mist
2025-03-01 21:41:07,4.76,100,mist
2025-03-01 21:53:41,4.76,100,mist
2025-03-01 22:32:17,4.76,100,mist
2025-03-01 22:44:22,4.76,100,mist
2025-03-01 22:56:32,4.76,100,mist
2025-03-01 23:28:27,5.76,87,mist
2025-03-01 23:40:34,5.76,87,mist
2025-03-01 23:52:52,5.76,87,mist
2025-03-02 03:01:40,10.76,62,broken clouds
2025-03-02 03:44:28,12.76,54,broken clouds
2025-03-02 03:56:43,12.76,54,broken clouds
2025-03-02 04:36:11,14.76,41,clear sky
2025-03-02 04:48:22,14.76,41,clear sky
2025-03-02 05:32:39,8.99,45,overcast clouds
2025-03-02 05:45:01,13.76,41,clear sky
2025-03-02 05:57:35,13.76,41,clear sky
2025-03-02 06:42:22,13.76,35,moderate rain
2025-03-02 06:54:46,13.76,35,moderate rain
2025-03-02 07:24:53,10.76,62,moderate rain
2025-03-02 07:38:26,10.76,62,moderate rain
2025-03-02 07:50:38,10.76,62,moderate rain
2025-03-02 08:33:42,7.76,93,moderate rain
2025-03-02 08:46:15,7.76,93,moderate rain
2025-03-02 08:58:37,7.76,93,moderate rain
2025-03-02 09:30:31,6.76,100,moderate rain
2025-03-02 09:42:58,6.76,100,moderate rain
2025-03-02 09:55:16,6.76,100,moderate rain
2025-03-02 10:35:02,5.76,93,moderate rain
2025-03-02 10:47:47,5.76,93,moderate rain
2025-03-02 11:00:08,5.76,93,moderate rain
2025-03-02 11:23:21,4.3,82,moderate rain
2025-03-02 11:38:06,4.76,93,light rain
2025-03-02 11:50:45,4.76,93,moderate rain
2025-03-02 12:58:23,4.76,87,moderate rain
2025-03-02 13:30:23,3.76,93,moderate rain
2025-03-02 13:42:51,3.76,93,light rain
2025-03-02 13:55:14,3.76,93,light rain
2025-03-02 14:31:50,2.76,93,moderate rain
2025-03-02 14:43:54,2.76,93,moderate rain
2025-03-02 14:56:00,2.76,93,moderate rain
2025-03-02 15:29:14,2.76,93,moderate rain
2025-03-02 15:41:44,2.76,93,moderate rain
2025-03-02 15:53:54,2.76,93,moderate rain
2025-03-02 16:37:59,2.76,93,moderate rain
2025-03-02 16:50:21,2.76,93,moderate rain
2025-03-02 17:28:13,2.76,93,moderate rain
2025-03-02 17:40:30,2.76,93,moderate rain
2025-03-02 17:52:48,2.76,93,moderate rain
2025-03-02 18:41:21,1.76,100,light rain
2025-03-02 18:53:48,1.76,100,moderate rain
2025-03-02 19:19:38,0.25,98,snow
2025-03-02 19:35:35,1.76,100,moderate rain
2025-03-02 19:48:12,1.76,100,light rain
2025-03-02 20:27:47,0.76,100,moderate rain
2025-03-02 20:42:06,0.76,100,moderate rain
2025-03-02 20:54:35,0.76,100,light rain
2025-03-02 21:26:30,0.76,100,snow
2025-03-02 21:38:45,0.76,100,snow
2025-03-02 21:51:00,0.76,100,snow
2025-03-02 22:32:06,0.76,100,light snow
2025-03-02 22:44:28,0.76,100,snow
2025-03-02 22:56:34,0.76,100,overcast clouds
2025-03-02 23:27:04,1.76,93,broken clouds
2025-03-02 23:39:53,1.76,93,mist
2025-03-02 23:52:10,1.76,93,mist
2025-03-03 03:01:05,4.76,65,clear sky
2025-03-03 03:46:39,5.76,56,clear sky
2025-03-03 03:58:53,5.76,56,clear sky
2025-03-03 04:41:22,6.76,57,clear sky
2025-03-03 04:53:37,6.76,57,clear sky
2025-03-03 05:36:04,6.76,57,clear sky
2025-03-03 05:48:26,6.76,57,clear sky
2025-03-03 06:45:19,5.76,52,clear sky
2025-03-03 06:57:26,5.76,52,clear sky
2025-03-03 07:29:48,4.76,52,clear sky
2025-03-03 07:42:13,4.76,52,clear sky
2025-03-03 07:54:31,4.76,52,clear sky
2025-03-03 08:40:10,4.76,52,clear sky
2025-03-03 08:53:22,4.76,52,clear sky
2025-03-03 09:35:20,3.76,52,clear sky
2025-03-03 09:47:29,3.76,52,clear sky
2025-03-03 09:59:38,3.76,52,clear sky
2025-03-03 10:41:51,2.76,56,clear sky
2025-03-03 10:54:03,2.76,56,clear sky
2025-03-03 11:25:59,1.76,55,clear sky
2025-03-03 11:39:45,1.76,55,clear sky
2025-03-03 11:52:33,1.76,55,clear sky
2025-03-03 13:14:39,0.72,52,overcast clouds
2025-03-03 13:42:38,1.76,51,clear sky
2025-03-03 13:55:01,1.76,51,clear sky
2025-03-03 14:38:36,1.76,48,clear sky
2025-03-03 14:51:03,1.76,48,clear sky
2025-03-03 15:33:05,1.76,51,clear sky
2025-03-03 15:45:35,1.76,51,clear sky
2025-03-03 15:57:52,1.76,51,clear sky
2025-03-03 16:46:10,1.76,55,clear sky
2025-03-03 16:58:39,1.76,55,clear sky
2025-03-03 17:33:00,1.76,51,clear sky
2025-03-03 17:45:08,1.76,51,clear sky
2025-03-03 17:57:26,1.76,51,clear sky
2025-03-03 18:45:52,1.76,51,clear sky
2025-03-03 18:57:08,1.76,51,clear sky
2025-03-03 19:23:31,0.77,57,overcast clouds
2025-03-03 19:38:59,1.76,55,clear sky
2025-03-03 19:51:23,1.76,55,clear sky
2025-03-03 20:32:11,1.76,55,clear sky
2025-03-03 20:46:21,1.76,55,light snow
2025-03-03 20:58:38,1.76,55,snow
2025-03-03 21:31:00,1.76,55,clear sky
2025-03-03 21:43:41,1.76,55,clear sky
2025-03-03 21:56:04,1.76,55,clear sky
2025-03-03 22:36:01,2.76,52,clear sky
2025-03-03 22:48:24,2.76,52,light rain
2025-03-03 23:26:36,2.76,56,light rain
2025-03-03 23:40:22,2.76,56,light rain
2025-03-03 23:52:40,2.76,56,snow
2025-03-04 03:01:13,0.76,100,snow
2025-03-04 03:47:01,0.76,100,snow
2025-03-04 03:59:08,0.76,100,snow
2025-03-04 04:41:11,1.76,100,snow
2025-03-04 04:53:33,1.76,100,snow
2025-03-04 05:34:16,1.76,100,light rain
2025-03-04 05:46:38,1.76,100,light rain
2025-03-04 05:58:47,1.76,100,light rain
2025-03-04 06:47:00,2.76,87,light rain
2025-03-04 06:59:38,2.76,87,light rain
2025-03-04 07:29:53,2.76,93,light rain
2025-03-04 07:42:28,2.76,93,broken clouds
2025-03-04 07:54:41,2.76,93,broken clouds
2025-03-04 08:41:35,3.76,81,broken clouds
2025-03-04 08:55:03,3.76,81,broken clouds
2025-03-04 09:33:05,3.76,70,broken clouds
2025-03-04 09:45:18,3.76,70,broken clouds
2025-03-04 09:57:36,3.76,70,broken clouds
2025-03-04 10:41:50,2.76,81,broken clouds
2025-03-04 10:54:19,2.76,81,broken clouds
2025-03-04 11:25:14,2.27,66,overcast clouds
2025-03-04 11:39:53,1.76,87,broken clouds
2025-03-04 11:52:13,1.76,87,broken clouds
2025-03-04 13:13:52,1.76,87,clear sky
2025-03-04 13:42:36,1.76,80,clear sky
2025-03-04 13:54:50,1.76,80,clear sky
2025-03-04 14:38:26,1.76,75,clear sky
2025-03-04 14:50:58,1.76,75,snow
2025-03-04 15:34:55,1.76,75,light snow
2025-03-04 15:47:05,1.76,75,clear sky
2025-03-04 15:59:17,1.76,75,light snow
2025-03-04 16:48:10,1.76,75,clear sky
2025-03-04 17:00:13,1.76,75,clear sky
2025-03-04 17:33:46,1.76,75,clear sky
2025-03-04 17:45:59,1.76,75,clear sky
2025-03-04 17:58:06,1.76,75,clear sky
2025-03-04 18:47:42,1.76,75,clear sky
2025-03-04 18:59:54,1.76,75,clear sky
2025-03-04 19:23:56,1.15,76,overcast clouds
2025-03-04 19:39:05,1.76,75,clear sky
2025-03-04 19:51:29,1.76,75,clear sky
2025-03-04 20:31:37,1.76,75,clear sky
2025-03-04 20:43:58,1.76,75,clear sky
2025-03-04 20:56:05,1.76,75,clear sky
2025-03-04 21:29:19,1.76,75,clear sky
2025-03-04 21:41:36,1.76,75,clear sky
2025-03-04 21:53:48,1.76,75,light snow
2025-03-04 22:32:19,1.76,75,snow
2025-03-04 22:44:31,1.76,75,clear sky
2025-03-04 22:56:44,1.76,75,clear sky
2025-03-04 23:28:51,1.76,75,clear sky
2025-03-04 23:41:02,1.76,75,clear sky
2025-03-04 23:53:28,1.76,75,clear sky
2025-03-05 02:59:44,4.76,65,clear sky
2025-03-05 03:44:59,4.76,65,clear sky
2025-03-05 03:57:12,4.76,65,clear sky
2025-03-05 04:39:21,5.76,65,clear sky
2025-03-05 04:51:51,5.76,65,clear sky
2025-03-05 05:35:49,6.76,61,clear sky
2025-03-05 05:48:07,6.76,61,clear sky
2025-03-05 06:43:39,7.76,57,broken clouds
2025-03-05 06:55:42,7.76,57,broken clouds
2025-03-05 07:30:21,7.76,57,broken clouds
2025-03-05 07:42:57,7.76,57,broken clouds
2025-03-05 07:55:07,7.76,57,broken clouds
2025-03-05 08:43:12,7.76,57,clear sky
2025-03-05 08:55:36,7.76,57,clear sky
2025-03-05 09:33:55,6.76,61,clear sky
2025-03-05 09:46:10,6.76,61,clear sky
2025-03-05 09:58:28,6.76,61,clear sky
2025-03-05 10:40:47,4.76,65,few clouds
2025-03-05 10:53:23,4.76,65,few clouds
2025-03-05 11:25:04,3.76,75,few clouds
2025-03-05 11:39:46,3.76,75,few clouds
2025-03-05 11:52:22,3.76,75,few clouds
2025-03-05 13:14:48,4.88,48,clear sky
2025-03-05 13:42:11,1.76,93,clear sky
2025-03-05 13:54:28,1.76,93,clear sky
2025-03-05 14:37:54,1.76,87,clear sky
2025-03-05 14:50:01,1.76,87,clear sky
2025-03-05 15:32:04,0.76,80,clear sky
2025-03-05 15:45:43,0.76,80,clear sky
2025-03-05 15:58:16,0.76,80,clear sky
2025-03-05 16:53:33,-0.24,80,clear sky
2025-03-05 17:32:34,-1.24,93,clear sky
2025-03-05 17:44:59,-1.24,93,clear sky
2025-03-05 17:57:09,-1.24,93,clear sky
2025-03-05 18:47:55,-2.24,93,clear sky
2025-03-05 19:00:08,-2.24,93,clear sky
2025-03-05 19:24:44,1.97,53,clear sky
2025-03-05 19:40:00,-2.24,86,clear sky
2025-03-05 19:52:26,-2.24,86,clear sky
2025-03-05 20:32:53,-1.24,80,clear sky
2025-03-05 20:45:27,-1.24,80,clear sky
2025-03-05 20:57:43,-1.24,80,clear sky
2025-03-05 21:29:48,-3.24,86,clear sky
2025-03-05 21:42:03,-3.24,86,clear sky
2025-03-05 21:54:26,-3.24,86,clear sky
2025-03-05 22:36:02,-1.24,86,clear sky
2025-03-05 22:48:39,-1.24,86,clear sky
2025-03-05 23:28:53,-0.24,80,clear sky
2025-03-05 23:41:15,-0.24,80,clear sky
2025-03-05 23:53:41,-0.24,80,clear sky
2025-03-06 03:00:48,5.76,56,clear sky
2025-03-06 03:46:14,6.76,53,clear sky
2025-03-06 03:58:48,6.76,53,clear sky
2025-03-06 04:41:38,7.76,46,clear sky
2025-03-06 04:54:01,7.76,46,clear sky
2025-03-06 05:35:39,8.76,40,clear sky
2025-03-06 05:48:11,8.76,40,clear sky
2025-03-06 06:43:35,8.76,40,clear sky
2025-03-06 06:56:03,8.76,40,clear sky
2025-03-06 07:30:38,9.76,37,clear sky
2025-03-06 07:44:10,9.76,37,clear sky
2025-03-06 07:56:23,9.76,37,clear sky
2025-03-06 08:42:18,8.76,40,clear sky
2025-03-06 08:54:54,8.76,40,clear sky
2025-03-06 09:33:28,6.76,53,clear sky
2025-03-06 09:45:52,6.76,53,clear sky
2025-03-06 09:58:07,6.76,53,clear sky
2025-03-06 10:42:03,5.76,45,clear sky
2025-03-06 10:54:19,5.76,45,clear sky
2025-03-06 11:24:54,4.76,45,clear sky
2025-03-06 11:39:49,4.76,45,clear sky
2025-03-06 11:52:22,4.76,45,clear sky
2025-03-06 13:14:29,2.76,52,clear sky
2025-03-06 13:42:33,4.67,36,clear sky
2025-03-06 13:54:54,2.76,52,clear sky
2025-03-06 14:38:37,-0.24,64,clear sky
2025-03-06 14:51:11,-0.24,64,clear sky
2025-03-06 15:33:13,0.76,60,clear sky
2025-03-06 15:47:05,0.76,60,clear sky
2025-03-06 15:59:24,0.76,60,clear sky
2025-03-06 16:46:59,-1.24,74,clear sky
2025-03-06 16:59:10,-1.24,74,clear sky
2025-03-06 17:33:50,-2.24,86,clear sky
2025-03-06 17:46:21,-2.24,86,clear sky
2025-03-06 17:58:44,-2.24,86,clear sky
2025-03-06 18:46:17,-2.24,86,clear sky
2025-03-06 18:58:52,-2.24,86,clear sky
2025-03-06 19:23:33,2.76,40,clear sky
2025-03-06 19:39:12,-3.24,86,mist
2025-03-06 19:51:39,-3.24,86,mist
2025-03-06 20:32:00,-2.24,86,clear sky
2025-03-06 20:44:32,-2.24,86,mist
2025-03-06 20:56:49,-2.24,86,mist
2025-03-06 21:29:37,-3.24,93,mist
2025-03-06 21:42:11,-3.24,93,mist
2025-03-06 21:54:17,-3.24,93,mist
2025-03-06 22:35:18,-2.24,93,mist
2025-03-06 22:47:48,-2.24,93,mist
2025-03-06 23:00:08,-2.24,93,mist
2025-03-06 23:29:50,-1.24,86,clear sky
2025-03-06 23:42:13,-1.24,86,mist
2025-03-06 23:54:48,-1.24,86,mist
2025-03-07 03:02:01,7.76,39,haze
2025-03-07 03:47:09,8.76,37,haze
2025-03-07 03:59:15,8.76,37,haze
2025-03-07 04:39:54,9.76,34,clear sky
2025-03-07 04:52:28,9.76,34,clear sky
2025-03-07 05:33:53,9.76,32,clear sky
2025-03-07 05:46:24,9.76,32,clear sky
2025-03-07 05:58:43,9.76,32,clear sky
2025-03-07 06:46:54,9.76,34,clear sky
2025-03-07 06:59:07,9.76,34,clear sky
2025-03-07 07:28:48,9.76,32,clear sky
2025-03-07 07:41:47,8.39,27,overcast clouds
2025-03-07 07:54:27,9.76,32,clear sky
2025-03-07 08:41:03,7.76,42,clear sky
2025-03-07 08:53:22,7.76,42,clear sky
2025-03-07 09:32:03,5.76,52,clear sky
2025-03-07 09:44:12,5.76,52,clear sky
2025-03-07 09:56:33,5.76,52,clear sky
2025-03-07 10:40:06,3.76,65,clear sky
2025-03-07 10:52:18,3.76,65,clear sky
2025-03-07 11:24:32,3.76,65,clear sky
2025-03-07 11:39:57,3.76,65,clear sky
2025-03-07 11:52:31,3.76,65,clear sky
2025-03-07 13:05:06,2.76,60,clear sky
2025-03-07 13:39:06,2.76,70,clear sky
2025-03-07 13:51:12,2.76,70,clear sky
2025-03-07 14:35:12,2.76,70,clear sky
2025-03-07 14:47:27,2.76,70,clear sky
2025-03-07 14:59:39,2.76,70,clear sky
2025-03-07 15:33:26,2.76,70,broken clouds
2025-03-07 15:45:50,2.76,70,broken clouds
2025-03-07 15:58:12,2.76,70,broken clouds
2025-03-07 16:44:15,0.76,86,broken clouds
2025-03-07 16:56:26,0.76,86,broken clouds
2025-03-07 17:31:32,1.76,75,overcast clouds
2025-03-07 17:43:47,1.76,75,broken clouds
2025-03-07 17:55:58,1.76,75,broken clouds
2025-03-07 18:44:48,2.76,70,broken clouds
2025-03-07 18:57:19,2.76,70,broken clouds
2025-03-07 19:23:13,1.76,87,overcast clouds
2025-03-07 19:38:42,1.76,87,haze
2025-03-07 19:51:00,1.76,87,haze
2025-03-07 20:31:12,0.76,93,overcast clouds
2025-03-07 20:43:35,0.76,93,haze
2025-03-07 20:55:57,0.76,93,haze
2025-03-07 21:24:11,3.61,51,overcast clouds
2025-03-07 21:36:13,0.76,93,mist
2025-03-07 21:48:41,0.76,93,mist
2025-03-07 22:26:19,3.51,54,overcast clouds
2025-03-07 22:38:40,-0.24,93,mist
2025-03-07 22:51:09,-0.24,93,mist
2025-03-07 23:20:29,0.76,93,overcast clouds
2025-03-07 23:34:57,0.76,93,broken clouds
2025-03-07 23:47:17,0.76,93,broken clouds
2025-03-07 23:59:30,0.76,93,broken clouds
2025-03-08 02:18:28,8.76,40,clear sky
2025-03-08 02:46:30,8.76,40,clear sky
2025-03-08 02:59:00,8.76,40,clear sky
2025-03-08 03:29:23,8.76,34,clear sky
2025-03-08 03:41:31,8.76,34,clear sky
2025-03-08 03:54:03,8.76,34,clear sky
2025-03-08 04:28:24,9.76,29,clear sky
2025-03-08 04:40:55,9.76,29,clear sky
2025-03-08 04:53:19,9.76,29,clear sky
2025-03-08 05:26:35,9.76,25,clear sky
2025-03-08 05:38:59,9.76,25,clear sky
2025-03-08 05:51:35,9.76,25,clear sky
2025-03-08 06:35:09,9.76,29,clear sky
2025-03-08 06:47:23,9.76,29,clear sky
2025-03-08 06:59:32,9.76,29,clear sky
2025-03-08 07:22:53,7.99,35,few clouds
2025-03-08 07:36:42,8.76,46,clear sky
2025-03-08 07:49:12,8.76,46,clear sky
2025-03-08 08:27:38,7.76,49,clear sky
2025-03-08 08:40:05,7.76,49,clear sky
2025-03-08 08:52:14,7.76,49,clear sky
2025-03-08 09:23:40,6.76,57,clear sky
2025-03-08 09:38:28,6.76,57,clear sky
2025-03-08 09:50:35,6.76,57,clear sky
2025-03-08 10:27:24,4.76,70,clear sky
2025-03-08 10:39:46,4.76,70,clear sky
2025-03-08 10:52:07,4.76,70,clear sky
2025-03-08 11:17:52,5.56,59,few clouds
2025-03-08 11:30:04,3.76,75,clear sky
2025-03-08 11:42:22,3.76,75,clear sky
2025-03-08 11:54:48,3.76,75,clear sky
2025-03-08 12:49:54,3.76,81,clear sky
2025-03-08 13:22:52,5.08,65,clear sky
2025-03-08 13:35:55,2.76,93,clear sky
2025-03-08 13:48:00,2.76,93,clear sky
2025-03-08 14:00:16,2.76,93,clear sky
2025-03-08 14:24:39,4.82,69,clear sky
2025-03-08 14:38:47,0.76,100,mist
2025-03-08 14:50:52,0.76,100,mist
2025-03-08 15:22:35,0.76,100,mist
2025-03-08 15:35:57,0.76,100,mist
2025-03-08 15:48:18,0.76,100,mist
2025-03-08 16:27:40,-0.24,100,mist
2025-03-08 16:39:42,-0.24,100,mist
2025-03-08 16:52:18,-0.24,100,mist
2025-03-08 17:47:55,-1.24,100,mist
2025-03-08 18:00:11,-1.24,100,mist
2025-03-08 18:30:52,-0.24,93,mist
2025-03-08 18:44:17,-1.24,100,mist
2025-03-08 18:55:47,-1.24,100,mist
2025-03-08 19:17:34,-1.24,100,mist
2025-03-08 19:29:46,-2.24,100,mist
2025-03-08 19:42:08,-2.24,100,mist
2025-03-08 19:54:27,-2.24,100,mist
2025-03-08 20:23:04,-2.24,100,mist
2025-03-08 20:38:06,-2.24,100,mist
2025-03-08 20:50:39,-2.24,100,mist
2025-03-08 21:21:12,3.06,77,clear sky
2025-03-08 21:38:17,-2.24,100,fog
2025-03-08 21:50:33,-2.24,100,fog
2025-03-08 22:24:54,-3.24,100,fog
2025-03-08 22:37:19,-3.24,100,fog
2025-03-08 22:49:29,-3.24,100,fog
2025-03-08 23:21:15,-2.24,100,fog
2025-03-08 23:38:48,-1.24,100,fog
2025-03-08 23:51:19,-1.24,100,fog
2025-03-09 02:23:12,7.76,66,haze
2025-03-09 02:50:49,7.76,66,haze
2025-03-09 03:28:36,9.76,57,haze
2025-03-09 03:40:47,9.76,57,haze
2025-03-09 03:53:09,9.76,57,haze
2025-03-09 04:16:56,9.76,57,haze
2025-03-09 04:31:43,10.76,43,clear sky
2025-03-09 04:43:57,10.76,43,clear sky
2025-03-09 04:56:26,10.76,43,clear sky
2025-03-09 05:18:49,10.1,38,scattered clouds
2025-03-09 05:31:26,10.76,46,clear sky
2025-03-09 05:43:40,10.76,46,clear sky
2025-03-09 05:55:59,10.76,46,clear sky
2025-03-09 06:25:43,11.76,43,clear sky
2025-03-09 06:39:18,11.76,43,clear sky
2025-03-09 06:51:42,11.76,43,clear sky
2025-03-09 07:11:10,11.76,43,clear sky
2025-03-09 07:23:33,11.76,47,clear sky
2025-03-09 07:36:44,11.76,47,clear sky
2025-03-09 07:49:06,11.76,47,clear sky
2025-03-09 08:10:16,11.76,47,clear sky
2025-03-09 08:28:40,10.59,37,clear sky
2025-03-09 08:40:59,10.76,54,clear sky
2025-03-09 08:53:39,10.76,54,clear sky
2025-03-09 09:13:50,10.76,54,clear sky
2025-03-09 09:26:36,8.76,61,clear sky
2025-03-09 09:38:48,8.76,61,few clouds
2025-03-09 09:50:54,8.76,61,few clouds
2025-03-09 10:12:02,9.15,44,clear sky
2025-03-09 10:33:01,5.76,75,haze
2025-03-09 10:45:10,5.76,75,haze
2025-03-09 10:57:18,5.76,75,haze
2025-03-09 11:16:35,5.76,75,haze
2025-03-09 11:29:04,3.76,87,haze
2025-03-09 11:41:26,3.76,87,haze
2025-03-09 11:53:49,3.76,87,haze
2025-03-09 12:27:22,2.76,87,mist
2025-03-09 12:48:53,2.76,87,mist
2025-03-09 13:07:38,2.76,87,mist
2025-03-09 13:24:34,2.76,93,mist
2025-03-09 13:36:40,2.76,93,mist
2025-03-09 13:48:55,2.76,93,mist
2025-03-09 14:05:28,2.76,93,mist
2025-03-09 14:24:06,1.76,100,mist
2025-03-09 14:36:38,1.76,100,mist
2025-03-09 14:48:54,1.76,100,mist
2025-03-09 15:07:25,1.76,100,mist
2025-03-09 15:24:08,0.76,100,mist
2025-03-09 15:36:23,0.76,100,mist
2025-03-09 15:48:46,0.76,100,mist
2025-03-09 16:07:35,0.76,100,mist
2025-03-09 16:27:36,0.76,93,mist
2025-03-09 16:40:05,0.76,93,mist
2025-03-09 16:52:24,0.76,93,mist
2025-03-09 17:11:09,0.76,93,mist
2025-03-09 17:27:27,5.66,57,clear sky
2025-03-09 17:39:58,-0.24,100,mist
2025-03-09 17:52:24,-0.24,100,mist
2025-03-09 18:16:00,5.3,58,few clouds
2025-03-09 18:31:05,-1.24,100,mist
2025-03-09 18:43:23,-1.24,100,mist
2025-03-09 18:55:34,-1.24,100,mist
2025-03-09 19:13:35,-1.24,100,mist
2025-03-09 19:25:53,5.12,56,broken clouds
2025-03-09 19:38:08,-2.24,100,mist
2025-03-09 19:50:29,-1.24,100,fog
2025-03-09 20:10:59,-1.24,100,fog
2025-03-09 20:27:17,-0.24,93,fog
2025-03-09 20:39:36,-2.24,100,fog
2025-03-09 20:52:00,-2.24,100,fog
2025-03-09 21:12:10,-2.24,100,fog
2025-03-09 21:25:03,-2.24,100,fog
2025-03-09 21:37:38,-2.24,100,fog
2025-03-09 21:49:49,-2.24,100,fog
2025-03-09 22:08:36,-2.24,100,fog
2025-03-09 22:26:23,-2.24,100,fog
2025-03-09 22:38:53,-2.24,100,fog
2025-03-09 22:51:15,-2.24,100,fog
2025-03-09 23:10:36,-2.24,100,fog
2025-03-09 23:23:06,5.04,54,scattered clouds
2025-03-09 23:35:52,-0.24,100,mist
2025-03-09 23:48:26,-0.24,100,mist
2025-03-10 00:33:06,3.76,100,mist
2025-03-10 01:47:39,8.76,66,haze
2025-03-10 02:27:08,10.76,54,haze
2025-03-10 02:49:02,10.76,54,haze
2025-03-10 03:09:11,10.5,35,clear sky
2025-03-10 03:28:16,12.76,47,clear sky
2025-03-10 03:40:42,12.76,47,haze
2025-03-10 03:53:04,12.76,47,haze
2025-03-10 04:17:06,12.76,47,haze
2025-03-10 04:32:35,13.76,38,haze
2025-03-10 04:45:03,13.76,38,haze
2025-03-10 04:57:11,13.76,38,haze
2025-03-10 05:20:33,11.85,34,clear sky
2025-03-10 05:33:32,13.76,38,haze
2025-03-10 05:45:54,13.76,38,haze
2025-03-10 05:58:02,13.76,38,haze
2025-03-10 06:29:05,12.76,41,clear sky
2025-03-10 06:42:05,12.76,41,haze
2025-03-10 06:54:24,12.76,41,haze
2025-03-10 07:17:27,11.18,39,clear sky
2025-03-10 07:29:40,12.76,38,clear sky
2025-03-10 07:42:11,12.76,38,haze
2025-03-10 07:54:41,12.76,38,haze
2025-03-10 08:22:51,11.76,40,clear sky
2025-03-10 08:37:32,11.76,40,haze
2025-03-10 08:49:48,11.76,40,haze
2025-03-10 09:10:21,11.76,40,haze
2025-03-10 09:27:13,9.42,45,clear sky
2025-03-10 09:39:31,9.76,46,haze
2025-03-10 09:52:04,9.76,46,haze
2025-03-10 10:14:49,9.76,46,haze
2025-03-10 10:32:57,6.76,65,clear sky
2025-03-10 10:45:12,6.76,65,haze
2025-03-10 10:57:26,6.76,65,haze
2025-03-10 11:18:00,8.18,51,clear sky
2025-03-10 11:30:11,5.76,70,clear sky
2025-03-10 11:42:21,5.76,70,haze
2025-03-10 11:54:53,5.76,70,haze
2025-03-10 12:43:20,4.76,75,haze
2025-03-10 13:15:27,7.37,55,clear sky
2025-03-10 13:39:36,3.76,75,haze
2025-03-10 13:52:09,3.76,75,haze
2025-03-10 14:15:29,3.76,75,haze
2025-03-10 14:38:27,0.76,93,haze
2025-03-10 14:51:04,0.76,93,haze
2025-03-10 15:15:10,6.53,58,clear sky
2025-03-10 15:32:56,0.76,100,mist
2025-03-10 15:45:15,0.76,100,mist
2025-03-10 15:57:34,0.76,100,mist
2025-03-10 16:29:31,0.76,93,mist
2025-03-10 16:49:52,0.76,93,mist
2025-03-10 17:10:10,0.76,93,mist
2025-03-10 17:31:21,-0.24,100,mist
2025-03-10 17:43:47,-0.24,100,mist
2025-03-10 17:55:58,-0.24,100,mist
2025-03-10 18:31:18,-0.24,100,mist
2025-03-10 18:48:00,-0.24,100,mist
2025-03-10 19:00:18,-0.24,100,mist
2025-03-10 19:21:17,-1.24,100,mist
2025-03-10 19:34:48,-1.24,100,mist
2025-03-10 19:47:12,-1.24,100,mist
2025-03-10 19:59:22,-1.24,100,mist
2025-03-10 20:27:14,-0.24,100,mist
2025-03-10 20:42:37,-0.24,100,mist
2025-03-10 20:54:59,-0.24,100,mist
2025-03-10 21:19:53,5.05,60,overcast clouds
2025-03-10 21:34:04,-0.24,100,mist
2025-03-10 21:46:26,-0.24,100,mist
2025-03-10 21:58:45,-0.24,100,mist
2025-03-10 22:25:27,-0.22,86,mist
2025-03-10 22:41:27,-0.24,100,mist
2025-03-10 22:54:05,-0.24,100,mist
2025-03-10 23:18:26,-0.24,100,mist
2025-03-10 23:31:49,0.76,100,mist
2025-03-10 23:44:17,0.76,100,mist
2025-03-10 23:56:38,0.76,100,mist
2025-03-11 01:55:05,9.76,57,haze
2025-03-11 02:57:28,11.76,47,haze
2025-03-11 03:32:56,12.76,47,haze
2025-03-11 03:49:46,12.76,47,haze
2025-03-11 04:13:14,12.01,28,scattered clouds
2025-03-11 04:36:29,13.76,44,clear sky
2025-03-11 04:50:19,13.76,44,clear sky
2025-03-11 05:12:00,12.65,26,few clouds
2025-03-11 05:32:52,14.76,41,clear sky
2025-03-11 05:45:24,14.76,41,clear sky
2025-03-11 05:57:58,14.76,41,clear sky
2025-03-11 06:34:36,14.76,38,clear sky
2025-03-11 06:51:14,14.76,38,clear sky
2025-03-11 07:13:16,14.76,38,clear sky
2025-03-11 07:29:38,13.76,47,clear sky
2025-03-11 07:42:07,13.76,47,clear sky
2025-03-11 07:54:40,13.76,47,clear sky
2025-03-11 08:27:10,12.76,50,clear sky
2025-03-11 08:46:34,12.76,50,clear sky
2025-03-11 08:58:55,12.76,50,clear sky
2025-03-11 09:27:09,10.76,54,clear sky
2025-03-11 09:42:23,10.76,54,clear sky
2025-03-11 09:54:51,10.76,54,clear sky
2025-03-11 10:23:48,11.29,36,clear sky
2025-03-11 10:43:12,8.76,61,clear sky
2025-03-11 10:55:33,8.76,61,clear sky
2025-03-11 11:19:13,10.38,40,clear sky
2025-03-11 11:32:20,6.76,65,clear sky
2025-03-11 11:44:31,6.76,65,clear sky
2025-03-11 11:56:55,6.76,65,clear sky
2025-03-11 12:50:01,5.76,70,clear sky
2025-03-11 13:20:52,9.53,43,overcast clouds
2025-03-11 13:40:57,4.76,75,clear sky
2025-03-11 13:53:26,4.76,75,clear sky
2025-03-11 14:18:26,4.76,75,clear sky
2025-03-11 14:39:23,4.76,81,clear sky
2025-03-11 14:51:47,4.76,81,clear sky
2025-03-11 15:16:42,8.83,45,overcast clouds
2025-03-11 15:37:12,3.76,87,clear sky
2025-03-11 15:49:41,3.76,87,clear sky
2025-03-11 16:13:44,8.33,46,overcast clouds
2025-03-11 16:41:54,3.76,93,clear sky
2025-03-11 16:55:32,3.76,93,clear sky
2025-03-11 17:21:25,3.76,93,clear sky
2025-03-11 17:38:30,3.76,93,clear sky
2025-03-11 17:51:02,3.76,93,clear sky
2025-03-11 18:18:35,7.51,50,overcast clouds
2025-03-11 18:43:18,3.76,93,mist
2025-03-11 18:55:49,3.76,93,mist
2025-03-11 19:20:16,7.78,48,overcast clouds
2025-03-11 19:34:08,4.76,81,mist
2025-03-11 19:46:44,4.76,81,mist
2025-03-11 19:58:52,4.76,81,mist
2025-03-11 20:27:06,4.76,93,overcast clouds
2025-03-11 20:42:35,4.76,93,mist
2025-03-11 20:55:02,4.76,93,mist
2025-03-11 21:16:33,7.4,51,overcast clouds
2025-03-11 21:29:00,3.76,93,mist
2025-03-11 21:41:24,3.76,93,mist
2025-03-11 21:53:39,3.76,93,mist
2025-03-11 22:17:18,7.22,51,overcast clouds
2025-03-11 22:36:08,4.76,93,mist
2025-03-11 22:48:40,4.76,93,mist
2025-03-11 23:08:03,4.76,93,mist
2025-03-11 23:26:51,7.61,50,overcast clouds
2025-03-11 23:40:18,6.76,76,mist
2025-03-11 23:52:57,6.76,76,mist
2025-03-12 01:19:27,9.66,43,scattered clouds
2025-03-12 02:37:46,9.76,57,haze
2025-03-12 03:16:20,10.91,42,broken clouds
2025-03-12 03:41:47,11.76,47,haze
2025-03-12 03:54:05,11.76,47,haze
2025-03-12 04:24:16,11.78,40,haze
2025-03-12 04:44:16,10.76,54,haze
2025-03-12 04:56:23,10.76,54,haze
2025-03-12 05:23:57,9.76,57,overcast clouds
2025-03-12 05:40:17,9.76,57,haze
2025-03-12 05:52:39,9.76,57,haze
2025-03-12 06:23:51,10.55,60,overcast clouds
2025-03-12 06:47:34,9.76,71,overcast clouds
2025-03-12 06:59:42,9.76,71,overcast clouds
2025-03-12 07:25:38,10.78,66,overcast clouds
2025-03-12 07:39:44,7.76,100,mist
2025-03-12 07:52:07,7.76,100,mist
2025-03-12 08:21:01,7.76,100,mist
2025-03-12 08:43:08,7.76,100,mist
2025-03-12 08:55:26,7.76,100,light intensity drizzle
2025-03-12 09:24:31,6.76,100,mist
2025-03-12 09:40:40,6.76,100,mist
2025-03-12 09:53:14,6.76,100,mist
2025-03-12 10:18:51,8.52,82,overcast clouds
2025-03-12 10:39:48,6.76,100,mist
2025-03-12 10:52:15,6.76,100,mist
2025-03-12 11:13:03,7.87,86,overcast clouds
2025-03-12 11:27:56,6.76,100,mist
2025-03-12 11:40:24,6.76,100,mist
2025-03-12 11:53:02,6.76,100,mist
2025-03-12 12:35:06,6.76,100,mist
2025-03-12 13:05:43,6.76,100,mist
2025-03-12 13:34:31,5.76,100,mist
2025-03-12 13:47:05,5.76,100,mist
2025-03-12 13:59:15,5.76,100,mist
2025-03-12 14:27:30,6.61,90,overcast clouds
2025-03-12 14:44:39,5.76,100,mist
2025-03-12 14:57:05,5.76,100,mist
2025-03-12 15:27:39,3.76,100,mist
2025-03-12 15:44:13,3.76,100,mist
2025-03-12 15:56:47,3.76,100,mist
2025-03-12 16:33:00,4.76,100,mist
2025-03-12 16:50:30,4.76,100,mist
2025-03-12 17:11:20,4.76,100,mist
2025-03-12 17:31:46,3.76,100,mist
2025-03-12 17:44:08,3.76,100,mist
2025-03-12 17:56:34,3.76,100,mist
2025-03-12 18:33:55,2.76,100,mist
2025-03-12 18:50:55,2.76,100,mist
2025-03-12 19:10:40,2.76,100,mist
2025-03-12 19:24:53,5.43,84,overcast clouds
2025-03-12 19:38:30,2.76,100,fog
2025-03-12 19:50:50,2.76,100,fog
2025-03-12 20:13:58,5.36,80,overcast clouds
2025-03-12 20:33:10,1.76,100,fog
2025-03-12 20:45:53,1.76,100,fog
2025-03-12 20:58:06,1.76,100,fog
2025-03-12 21:23:01,1.76,100,fog
2025-03-12 21:38:02,1.76,100,fog
2025-03-12 21:50:23,1.76,100,fog
2025-03-12 22:11:36,5.14,72,overcast clouds
2025-03-12 22:33:10,1.76,100,fog
2025-03-12 22:45:25,1.76,100,fog
2025-03-12 22:57:35,1.76,100,fog
2025-03-12 23:24:10,1.76,100,fog
2025-03-12 23:39:37,1.76,100,fog
2025-03-12 23:52:04,1.76,100,fog
2025-03-13 01:13:32,3.76,93,fog
2025-03-13 02:37:38,10.76,54,haze
2025-03-13 03:17:55,10.6,14,overcast clouds
2025-03-13 03:45:19,11.76,26,haze
2025-03-13 03:57:39,11.76,26,haze
2025-03-13 04:29:27,11.75,13,overcast clouds
2025-03-13 04:47:09,12.76,28,haze
2025-03-13 04:59:28,12.76,28,haze
2025-03-13 05:26:17,13.76,21,haze
2025-03-13 05:42:25,13.76,21,haze
2025-03-13 05:54:47,13.76,21,haze
2025-03-13 06:30:02,14.76,20,clear sky
2025-03-13 06:48:54,14.76,20,sand
2025-03-13 07:09:10,14.76,20,sand
2025-03-13 07:27:28,14.76,25,clear sky
2025-03-13 07:39:35,14.76,25,sand
2025-03-13 07:51:56,14.76,25,sand
2025-03-13 08:20:13,14.28,13,overcast clouds
2025-03-13 08:42:32,13.76,26,sand
2025-03-13 08:56:14,13.76,26,sand
2025-03-13 09:25:56,11.76,30,clear sky
2025-03-13 09:42:09,11.76,30,clear sky
2025-03-13 09:54:20,11.76,30,clear sky
2025-03-13 10:22:02,12.56,16,broken clouds
2025-03-13 10:41:43,8.76,34,clear sky
2025-03-13 10:53:52,8.76,34,clear sky
2025-03-13 11:16:25,11.49,19,broken clouds
2025-03-13 11:28:57,11.49,19,broken clouds
2025-03-13 11:41:19,4.76,52,clear sky
2025-03-13 11:53:43,4.76,52,clear sky
2025-03-13 12:38:18,5.76,52,clear sky
2025-03-13 13:13:33,10.33,22,broken clouds
2025-03-13 13:38:11,5.76,56,clear sky
2025-03-13 13:50:23,5.76,56,clear sky
2025-03-13 14:11:53,5.76,56,clear sky
2025-03-13 14:34:56,3.76,70,clear sky
2025-03-13 14:47:33,3.76,70,clear sky
2025-03-13 15:00:06,3.76,70,clear sky
2025-03-13 15:29:04,3.76,70,clear sky
2025-03-13 15:44:34,3.76,70,clear sky
2025-03-13 15:56:58,3.76,70,clear sky
2025-03-13 16:32:33,3.76,70,clear sky
2025-03-13 16:51:54,3.76,70,clear sky
2025-03-13 17:12:17,8.34,26,overcast clouds
2025-03-13 17:31:40,7.84,27,overcast clouds
2025-03-13 17:44:04,7.84,27,overcast clouds
2025-03-13 17:56:17,7.84,27,overcast clouds
2025-03-13 18:33:22,7.84,27,overcast clouds
2025-03-13 18:50:00,7.68,28,scattered clouds
2025-03-13 19:09:15,7.68,28,scattered clouds
2025-03-13 19:24:12,7.68,28,scattered clouds
2025-03-13 19:38:03,7.68,28,scattered clouds
2025-03-13 19:50:30,7.29,29,few clouds
2025-03-13 20:13:45,7.29,29,few clouds
2025-03-13 20:32:48,7.29,29,few clouds
2025-03-13 20:45:12,7.04,29,few clouds
2025-03-13 20:57:28,7.04,29,few clouds
2025-03-13 21:23:10,7.04,29,few clouds
2025-03-13 21:37:53,6.78,30,few clouds
2025-03-13 21:49:53,6.78,30,few clouds
2025-03-13 22:10:04,6.78,30,few clouds
2025-03-13 22:31:43,7.51,28,clear sky
2025-03-13 22:43:58,7.51,28,clear sky
2025-03-13 22:56:11,7.51,28,clear sky
2025-03-13 23:22:24,7.51,28,clear sky
2025-03-13 23:36:04,7.51,28,clear sky
2025-03-13 23:48:35,9.18,24,clear sky
2025-03-14 00:40:13,10.76,21,clear sky
2025-03-14 02:11:39,12.17,20,clear sky
2025-03-14 03:03:22,13.56,18,clear sky
2025-03-14 03:38:56,14.98,17,clear sky
2025-03-14 03:54:13,14.98,17,clear sky
2025-03-14 04:23:20,14.98,17,clear sky
2025-03-14 04:41:36,16.1,16,clear sky
2025-03-14 04:54:05,16.1,16,clear sky
2025-03-14 05:18:36,16.1,16,clear sky
2025-03-14 05:36:24,16.1,16,clear sky
2025-03-14 05:48:51,16.9,16,clear sky
2025-03-14 06:12:36,16.9,16,clear sky
2025-03-14 06:40:19,16.95,14,clear sky
2025-03-14 06:52:25,16.95,14,clear sky
2025-03-14 07:15:30,16.95,14,clear sky
2025-03-14 07:30:35,16.95,14,clear sky
2025-03-14 07:42:44,16.83,14,clear sky
2025-03-14 07:54:58,16.83,14,clear sky
2025-03-14 08:27:02,16.83,14,clear sky
2025-03-14 08:45:23,16.46,15,clear sky
2025-03-14 08:57:48,16.46,15,clear sky
2025-03-14 09:25:48,16.46,15,clear sky
2025-03-14 09:40:35,15.52,16,scattered clouds
2025-03-14 09:52:59,15.52,16,scattered clouds
2025-03-14 10:18:23,15.52,16,scattered clouds
2025-03-14 10:38:36,14.64,18,scattered clouds
2025-03-14 10:50:54,14.64,18,scattered clouds
2025-03-14 11:10:49,14.64,18,scattered clouds
2025-03-14 11:26:17,14.64,18,scattered clouds
2025-03-14 11:39:01,13.77,21,broken clouds
2025-03-14 11:51:37,13.77,21,broken clouds
2025-03-14 12:27:54,13.77,21,broken clouds
2025-03-14 13:01:03,13.05,23,overcast clouds
2025-03-14 13:30:37,10.76,40,clear sky
2025-03-14 13:43:18,10.76,40,clear sky
2025-03-14 13:55:27,10.76,40,clear sky
2025-03-14 14:21:10,12.51,25,overcast clouds
2025-03-14 14:38:40,8.76,46,clear sky
2025-03-14 14:51:01,8.76,46,clear sky
2025-03-14 15:13:40,8.76,46,clear sky
2025-03-14 15:32:32,8.76,49,clear sky
2025-03-14 15:45:38,8.76,49,clear sky
2025-03-14 15:57:55,8.76,49,clear sky
2025-03-14 16:30:13,8.76,46,clear sky
2025-03-14 16:47:31,8.76,46,clear sky
2025-03-14 16:59:43,8.76,46,clear sky
2025-03-14 17:22:05,11.08,40,overcast clouds
2025-03-14 17:36:26,8.76,46,clear sky
2025-03-14 17:48:44,8.76,46,clear sky
2025-03-14 18:11:45,8.76,46,clear sky
2025-03-14 18:38:57,7.76,49,clear sky
2025-03-14 18:51:28,7.76,49,clear sky
2025-03-14 19:11:58,7.76,49,clear sky
2025-03-14 19:27:34,6.76,57,clear sky
2025-03-14 19:40:45,6.76,57,clear sky
2025-03-14 19:53:10,6.76,57,clear sky
2025-03-14 20:18:42,10.08,46,overcast clouds
2025-03-14 20:34:48,10.76,46,clear sky
2025-03-14 20:47:18,10.76,46,clear sky
2025-03-14 20:59:30,10.76,46,clear sky
2025-03-14 21:24:52,9.65,48,overcast clouds
2025-03-14 21:39:27,9.76,50,clear sky
2025-03-14 21:51:40,9.76,50,clear sky
2025-03-14 22:13:12,9.01,50,overcast clouds
2025-03-14 22:33:15,9.76,43,clear sky
2025-03-14 22:45:39,9.76,43,clear sky
2025-03-14 22:57:50,9.76,43,clear sky
2025-03-14 23:25:24,8.73,53,overcast clouds
2025-03-14 23:39:45,10.76,40,clear sky
2025-03-14 23:51:58,10.76,40,clear sky
2025-03-15 01:10:56,9.3,50,broken clouds
2025-03-15 02:32:54,10.03,49,overcast clouds
2025-03-15 03:06:36,11.27,44,broken clouds
2025-03-15 03:36:24,14.76,25,clear sky
2025-03-15 03:51:00,14.76,25,clear sky
2025-03-15 04:14:58,12.22,36,overcast clouds
2025-03-15 04:35:39,15.76,23,clear sky
2025-03-15 04:47:57,15.76,23,clear sky
2025-03-15 05:00:10,15.76,23,clear sky
2025-03-15 05:25:43,15.76,23,clear sky
2025-03-15 05:40:47,15.76,23,clear sky
2025-03-15 05:53:07,15.76,23,clear sky
2025-03-15 06:23:11,15.76,23,clear sky
2025-03-15 06:43:15,15.76,23,clear sky
2025-03-15 06:55:35,15.76,23,clear sky
2025-03-15 07:20:31,13.49,34,overcast clouds
2025-03-15 07:33:42,16.76,23,clear sky
2025-03-15 07:46:04,16.76,23,clear sky
2025-03-15 07:58:24,16.76,23,clear sky
2025-03-15 08:29:06,14.76,33,clear sky
2025-03-15 08:44:56,14.76,33,clear sky
2025-03-15 08:57:19,14.76,33,clear sky
2025-03-15 09:22:58,11.76,47,clear sky
2025-03-15 09:36:06,11.76,47,clear sky
2025-03-15 09:48:31,11.76,47,clear sky
2025-03-15 10:07:44,11.76,47,clear sky
2025-03-15 10:32:33,10.76,50,clear sky
2025-03-15 10:44:42,10.76,50,clear sky
2025-03-15 10:57:12,10.76,50,clear sky
2025-03-15 11:17:58,10.96,48,overcast clouds
2025-03-15 11:30:20,8.76,61,clear sky
2025-03-15 11:42:42,8.76,61,clear sky
2025-03-15 11:55:08,8.76,61,clear sky
2025-03-15 12:39:17,8.76,66,clear sky
2025-03-15 13:02:00,8.76,66,clear sky
2025-03-15 13:27:45,8.76,61,light rain
2025-03-15 13:40:04,8.76,61,light rain
2025-03-15 13:52:42,8.76,61,light rain
2025-03-15 14:15:21,9.25,61,light rain
2025-03-15 14:32:51,8.76,66,clear sky
2025-03-15 14:45:02,8.76,66,light rain
2025-03-15 14:57:23,8.76,66,light rain
2025-03-15 15:22:39,8.65,61,light rain
2025-03-15 15:36:21,8.76,66,light rain
2025-03-15 15:48:46,8.76,66,light rain
2025-03-15 16:08:56,8.76,66,light rain
2025-03-15 16:33:38,8.76,61,overcast clouds
2025-03-15 16:46:22,8.76,61,light rain
2025-03-15 16:58:54,8.76,61,overcast clouds
2025-03-15 17:22:42,6.76,70,moderate rain
2025-03-15 17:37:33,6.76,70,light rain
2025-03-15 17:49:43,6.76,70,light rain
2025-03-15 18:13:25,7.63,61,light rain
2025-03-15 18:37:25,6.76,76,light rain
2025-03-15 18:49:49,6.76,76,light rain
2025-03-15 19:07:49,6.76,76,light rain
2025-03-15 19:24:19,8.78,49,light rain
2025-03-15 19:37:01,5.76,81,light rain
2025-03-15 19:49:19,5.76,81,light rain
2025-03-15 20:09:37,5.76,81,light rain
2025-03-15 20:28:32,4.76,93,light rain
2025-03-15 20:41:05,4.76,93,light rain
2025-03-15 20:53:25,4.76,93,light rain
2025-03-15 21:16:33,4.76,93,light rain
2025-03-15 21:30:22,4.76,100,light rain
2025-03-15 21:42:33,4.76,100,light rain
2025-03-15 21:54:59,4.76,100,light rain
2025-03-15 22:19:39,6,81,light rain
2025-03-15 22:36:37,4.76,100,light rain
2025-03-15 22:49:05,4.76,100,light rain
2025-03-15 23:08:18,4.76,100,light rain
2025-03-15 23:25:53,4.76,81,light rain
2025-03-15 23:39:11,4.76,81,light rain
2025-03-15 23:51:47,4.76,81,light rain
2025-03-16 01:15:34,4.36,73,light rain
2025-03-16 02:41:24,4.76,75,overcast clouds
2025-03-16 03:21:36,5.69,34,overcast clouds
2025-03-16 03:46:58,4.76,65,broken clouds
2025-03-16 03:59:06,4.76,65,broken clouds
2025-03-16 04:29:35,6.76,45,broken clouds
2025-03-16 04:45:49,6.76,45,broken clouds
2025-03-16 04:58:04,6.76,45,broken clouds
2025-03-16 05:23:39,6.33,21,overcast clouds
2025-03-16 05:38:17,7.76,36,scattered clouds
2025-03-16 05:50:37,7.76,36,scattered clouds
2025-03-16 06:15:47,5.92,19,overcast clouds
2025-03-16 06:39:21,7.76,34,clear sky
2025-03-16 06:51:44,7.76,34,clear sky
2025-03-16 07:13:13,7.76,34,clear sky
2025-03-16 07:28:16,6.76,29,clear sky
2025-03-16 07:40:21,6.76,29,clear sky
2025-03-16 07:52:43,6.76,29,clear sky
2025-03-16 08:19:27,4.88,18,clear sky
2025-03-16 08:37:39,4.76,28,clear sky
2025-03-16 08:50:02,4.76,28,clear sky
2025-03-16 09:10:23,4.65,19,clear sky
2025-03-16 09:28:04,2.76,32,clear sky
2025-03-16 09:40:19,2.76,32,clear sky
2025-03-16 09:52:48,2.76,32,clear sky
2025-03-16 10:16:07,3.29,23,clear sky
2025-03-16 10:35:59,2.76,35,clear sky
2025-03-16 10:48:32,2.76,35,clear sky
2025-03-16 11:06:33,2.76,35,clear sky
2025-03-16 11:24:39,1.76,41,clear sky
2025-03-16 11:37:15,1.76,41,light snow
2025-03-16 11:49:35,1.76,41,light snow
2025-03-16 12:17:14,2.69,40,scattered clouds
2025-03-16 12:52:54,1.76,38,light snow
2025-03-16 13:20:56,2.42,47,overcast clouds
2025-03-16 13:36:31,0.76,44,clear sky
2025-03-16 13:48:44,0.76,44,clear sky
2025-03-16 14:06:46,0.76,44,clear sky
2025-03-16 14:27:43,0.76,47,clear sky
2025-03-16 14:40:09,0.76,47,clear sky
2025-03-16 14:52:35,0.76,47,clear sky
2025-03-16 15:15:32,1.72,31,overcast clouds
2025-03-16 15:30:38,0.76,47,clear sky
2025-03-16 15:42:57,0.76,47,clear sky
2025-03-16 15:55:33,0.76,47,clear sky
2025-03-16 16:25:54,0.76,44,clear sky
2025-03-16 16:45:06,0.76,44,clear sky
2025-03-16 16:57:37,0.76,44,clear sky
2025-03-16 17:21:02,0.62,26,broken clouds
2025-03-16 17:35:57,0.76,44,clear sky
2025-03-16 17:48:05,0.76,44,clear sky
2025-03-16 18:00:44,0.76,44,clear sky
2025-03-16 18:33:30,-0.24,51,clear sky
2025-03-16 18:48:18,-0.24,51,clear sky
2025-03-16 19:01:32,-0.24,51,clear sky
2025-03-16 19:19:34,0.05,26,clear sky
2025-03-16 19:32:36,-1.24,51,clear sky
2025-03-16 19:44:46,-1.24,51,clear sky
2025-03-16 19:56:52,-1.24,51,clear sky
2025-03-16 20:24:46,-2.24,50,clear sky
2025-03-16 20:39:47,-2.24,50,clear sky
2025-03-16 20:52:09,-2.24,50,clear sky
2025-03-16 21:13:09,-0.61,29,clear sky
2025-03-16 21:28:03,-0.61,29,clear sky
2025-03-16 21:40:32,-1.24,47,clear sky
2025-03-16 21:52:55,-1.24,47,clear sky
2025-03-16 22:15:11,-0.76,30,clear sky
2025-03-16 22:32:51,-1.24,51,clear sky
2025-03-16 22:44:58,-1.24,51,clear sky
2025-03-16 22:57:32,-1.24,51,clear sky
2025-03-16 23:23:36,0.76,44,clear sky
2025-03-16 23:37:56,0.76,44,clear sky
2025-03-16 23:50:10,0.76,44,clear sky
2025-03-17 00:57:50,1.76,38,clear sky
2025-03-17 02:35:10,4.76,26,clear sky
2025-03-17 03:19:48,3.07,18,broken clouds
2025-03-17 03:46:39,5.76,26,clear sky
2025-03-17 03:58:44,5.76,26,clear sky
2025-03-17 04:30:01,4.76,28,clear sky
2025-03-17 04:47:00,4.76,28,clear sky
2025-03-17 04:59:08,4.76,28,clear sky
2025-03-17 05:26:48,4.38,20,overcast clouds
2025-03-17 05:42:33,5.76,31,clear sky
2025-03-17 05:55:05,5.76,31,clear sky
2025-03-17 06:32:02,5.76,33,clear sky
2025-03-17 06:49:47,5.76,33,clear sky
2025-03-17 07:11:42,4.27,28,overcast clouds
2025-03-17 07:30:05,4.76,36,clear sky
2025-03-17 07:42:19,4.76,36,clear sky
2025-03-17 07:54:49,4.76,36,clear sky
2025-03-17 08:29:13,4.76,42,clear sky
2025-03-17 08:48:06,4.76,42,clear sky
2025-03-17 09:00:19,4.76,42,clear sky
2025-03-17 09:28:55,3.76,41,clear sky
2025-03-17 09:43:16,3.76,41,clear sky
2025-03-17 09:55:39,3.76,41,clear sky
2025-03-17 10:26:25,2.76,48,clear sky
2025-03-17 10:44:42,2.76,48,clear sky
2025-03-17 10:57:05,2.76,48,clear sky
2025-03-17 11:20:27,3.76,52,overcast clouds
2025-03-17 11:34:38,3.76,52,overcast clouds
2025-03-17 11:47:06,3.76,52,overcast clouds
2025-03-17 11:59:16,3.76,52,overcast clouds
2025-03-17 12:52:03,3.76,52,overcast clouds
2025-03-17 13:25:10,3.76,52,light rain
2025-03-17 13:44:17,3.76,52,light rain
2025-03-17 13:56:42,3.76,52,light rain
2025-03-17 14:25:10,1.76,80,snow
2025-03-17 14:42:50,0.76,93,snow
2025-03-17 14:54:57,0.76,93,light snow
2025-03-17 15:23:56,-0.24,100,snow
2025-03-17 15:41:08,-0.24,100,snow
2025-03-17 15:53:38,-0.24,100,snow
2025-03-17 16:25:06,-0.24,100,snow
2025-03-17 16:47:51,-0.24,100,snow
2025-03-17 17:00:19,-0.24,100,snow
2025-03-17 17:25:33,0.76,100,snow
2025-03-17 17:41:12,0.76,100,snow
2025-03-17 17:53:34,0.76,100,snow
2025-03-17 18:25:30,0.76,100,snow
2025-03-17 18:46:16,0.76,100,snow
2025-03-17 18:58:27,0.76,100,mist
2025-03-17 19:19:54,0.76,100,light snow
2025-03-17 19:33:36,-0.24,100,light snow
2025-03-17 19:46:16,-0.24,100,light snow
2025-03-17 19:58:34,-0.24,100,light snow
2025-03-17 20:27:04,0.76,100,snow
2025-03-17 20:42:43,0.76,100,snow
2025-03-17 20:55:16,0.76,100,snow
2025-03-17 21:20:59,0.13,92,light snow
2025-03-17 21:35:48,0.76,93,light snow
2025-03-17 21:48:19,0.76,93,light snow
2025-03-17 22:07:44,0.76,93,light snow
2025-03-17 22:32:15,0.76,100,light snow
2025-03-17 22:45:13,0.76,100,light snow
2025-03-17 22:57:33,0.76,100,snow
2025-03-17 23:23:23,0.76,93,snow
2025-03-17 23:37:25,0.76,100,snow
2025-03-17 23:49:57,0.76,100,snow
2025-03-18 00:54:06,0.76,93,mist
2025-03-18 02:24:11,1.76,87,light snow
2025-03-18 03:10:04,1.76,87,light snow
2025-03-18 03:42:26,2.76,81,mist
2025-03-18 03:54:49,2.76,81,mist
2025-03-18 04:26:07,2.78,81,snow
2025-03-18 04:44:57,3.76,60,snow
2025-03-18 04:57:25,3.76,60,snow
2025-03-18 05:25:14,5.76,52,moderate rain
2025-03-18 05:41:47,5.76,52,snow
2025-03-18 05:54:17,5.76,52,broken clouds
2025-03-18 06:29:18,4.76,56,broken clouds
2025-03-18 06:49:18,4.76,56,broken clouds
2025-03-18 07:10:37,4.76,56,broken clouds
2025-03-18 07:29:44,5.76,49,broken clouds
2025-03-18 07:42:35,5.76,49,light snow
2025-03-18 07:54:48,5.76,49,light rain
2025-03-18 08:28:15,5.76,42,scattered clouds
2025-03-18 08:47:42,5.76,42,scattered clouds
2025-03-18 09:00:12,5.76,42,scattered clouds
2025-03-18 09:28:19,3.76,48,clear sky
2025-03-18 09:43:13,3.76,48,clear sky
2025-03-18 09:55:18,3.76,48,clear sky
2025-03-18 10:24:19,3.9,43,overcast clouds
2025-03-18 10:43:13,1.76,51,clear sky
2025-03-18 10:55:39,1.76,51,clear sky
2025-03-18 11:19:04,2.78,65,haze
2025-03-18 11:32:22,0.76,55,clear sky
2025-03-18 11:44:34,0.76,55,clear sky
2025-03-18 11:56:41,0.76,55,clear sky
2025-03-18 12:50:35,0.76,55,clear sky
2025-03-18 13:22:13,1.7,34,overcast clouds
2025-03-18 13:42:36,-0.24,55,clear sky
2025-03-18 13:55:03,-0.24,55,clear sky
2025-03-18 14:21:26,0.76,51,clear sky
2025-03-18 14:40:45,0.76,51,clear sky
2025-03-18 14:53:02,0.76,51,clear sky
2025-03-18 15:19:44,1.07,36,overcast clouds
2025-03-18 15:38:40,-0.24,55,clear sky
2025-03-18 15:51:15,-0.24,55,clear sky
2025-03-18 16:17:59,0.85,39,overcast clouds
2025-03-18 16:43:03,-2.24,69,clear sky
2025-03-18 16:55:41,-2.24,69,clear sky
2025-03-18 17:21:10,-3.24,74,clear sky
2025-03-18 17:37:49,-3.24,74,clear sky
2025-03-18 17:50:12,-3.24,74,clear sky
2025-03-18 18:16:51,0.52,42,broken clouds
2025-03-18 18:43:09,-3.24,80,clear sky
2025-03-18 18:55:24,-3.24,80,clear sky
2025-03-18 19:18:05,-0.01,40,clear sky
2025-03-18 19:30:16,-3.24,86,clear sky
2025-03-18 19:42:47,-3.24,86,clear sky
2025-03-18 19:55:11,-3.24,86,clear sky
2025-03-18 20:23:15,-0.18,36,clear sky
2025-03-18 20:39:24,-5.24,93,clear sky
2025-03-18 20:51:53,-5.24,93,clear sky
2025-03-18 21:13:52,-5.24,93,clear sky
2025-03-18 21:29:50,-5.24,93,clear sky
2025-03-18 21:42:12,-5.24,93,clear sky
2025-03-18 21:54:38,-5.24,93,clear sky
2025-03-18 22:19:41,-4.24,86,clear sky
2025-03-18 22:37:20,-4.24,86,clear sky
2025-03-18 22:49:56,-4.24,86,clear sky
2025-03-18 23:10:29,-0.26,28,clear sky
2025-03-18 23:28:31,-0.24,64,clear sky
2025-03-18 23:40:50,-0.24,64,clear sky
2025-03-18 23:53:20,-0.24,64,clear sky
2025-03-19 01:24:30,3.76,38,clear sky
2025-03-19 02:45:36,4.76,26,clear sky
2025-03-19 03:20:48,3.84,20,clear sky
2025-03-19 03:45:37,4.76,28,clear sky
2025-03-19 03:58:02,4.76,28,clear sky
2025-03-19 04:29:13,5.76,33,clear sky
2025-03-19 04:46:49,5.76,33,clear sky
2025-03-19 04:59:15,5.76,33,clear sky
2025-03-19 05:26:27,6.76,29,clear sky
2025-03-19 05:42:16,6.76,29,clear sky
2025-03-19 05:54:25,6.76,29,clear sky
2025-03-19 06:29:33,6.76,29,clear sky
2025-03-19 06:50:00,6.76,29,clear sky
2025-03-19 07:11:31,6.76,29,clear sky
2025-03-19 07:30:09,5.76,31,clear sky
2025-03-19 07:42:20,5.76,31,clear sky
2025-03-19 07:54:34,5.76,31,clear sky
2025-03-19 08:28:38,5.76,36,clear sky
2025-03-19 08:49:17,5.76,36,clear sky
2025-03-19 09:10:43,4.26,36,clear sky
2025-03-19 09:33:39,3.76,52,clear sky
2025-03-19 09:47:03,3.76,52,clear sky
2025-03-19 09:59:27,3.76,52,clear sky
2025-03-19 10:30:08,2.76,56,clear sky
2025-03-19 10:46:06,2.76,56,clear sky
2025-03-19 10:58:28,2.76,56,clear sky
2025-03-19 11:21:13,1.76,64,clear sky
2025-03-19 11:35:18,1.76,64,clear sky
2025-03-19 11:47:51,1.76,64,clear sky
2025-03-19 12:00:06,1.76,64,clear sky
2025-03-19 12:51:36,1.76,64,clear sky
2025-03-19 13:23:40,3.47,51,clear sky
2025-03-19 13:43:00,0.76,75,clear sky
2025-03-19 13:55:12,0.76,75,clear sky
2025-03-19 14:21:48,3.28,55,clear sky
2025-03-19 14:41:22,-0.24,74,clear sky
2025-03-19 14:53:44,-0.24,74,clear sky
2025-03-19 15:21:06,3.02,58,clear sky
2025-03-19 15:39:36,1.76,69,mist
2025-03-19 15:52:05,1.76,69,mist
2025-03-19 16:20:02,2.68,61,clear sky
2025-03-19 16:43:59,1.76,75,haze
2025-03-19 16:56:40,1.76,75,haze
2025-03-19 17:25:23,1.76,80,broken clouds
2025-03-19 17:39:32,1.76,80,haze
2025-03-19 17:52:20,1.76,80,haze
2025-03-19 18:22:59,2.76,70,broken clouds
2025-03-19 18:46:38,2.76,70,haze
2025-03-19 18:58:48,2.76,70,haze
2025-03-19 19:20:39,0.76,75,haze
2025-03-19 19:34:32,0.76,75,haze
2025-03-19 19:47:17,0.76,75,haze
2025-03-19 19:59:25,0.76,75,haze
2025-03-19 20:27:56,-0.24,80,haze
2025-03-19 20:43:00,-0.24,80,haze
2025-03-19 20:55:17,-0.24,80,haze
2025-03-19 21:20:57,1.45,61,clear sky
2025-03-19 21:35:43,-1.24,86,mist
2025-03-19 21:48:21,-1.24,86,mist
2025-03-19 22:07:11,-1.24,86,mist
2025-03-19 22:31:39,-0.24,86,mist
2025-03-19 22:44:39,-0.24,86,mist
2025-03-19 22:57:06,-0.24,86,mist
2025-03-19 23:24:08,2.76,75,clear sky
2025-03-19 23:38:59,2.76,75,clear sky
2025-03-19 23:51:18,2.76,75,clear sky
2025-03-20 01:06:15,5.76,65,scattered clouds
2025-03-20 02:36:05,7.76,71,broken clouds
2025-03-20 03:17:34,9.3,55,clear sky
2025-03-20 03:43:52,10.76,58,scattered clouds
2025-03-20 03:56:07,10.76,58,scattered clouds
2025-03-20 04:28:44,12.76,54,few clouds
2025-03-20 04:45:31,12.76,54,few clouds
2025-03-20 04:58:04,12.76,54,few clouds
2025-03-20 05:25:30,13.76,51,clear sky
2025-03-20 05:41:40,13.76,51,clear sky
2025-03-20 05:54:15,13.76,51,clear sky
2025-03-20 06:28:34,14.76,44,clear sky
2025-03-20 06:48:23,14.76,44,clear sky
2025-03-20 07:08:21,11.3,49,clear sky
2025-03-20 07:27:09,13.76,47,clear sky
2025-03-20 07:39:37,13.76,47,clear sky
2025-03-20 07:52:06,13.76,47,clear sky
2025-03-20 08:20:16,10.44,54,clear sky
2025-03-20 08:41:38,11.76,58,clear sky
2025-03-20 08:54:16,11.76,58,clear sky
2025-03-20 09:22:06,9.76,66,clear sky
2025-03-20 09:38:37,9.76,66,clear sky
2025-03-20 09:51:04,9.76,66,clear sky
2025-03-20 10:14:20,9.76,66,clear sky
2025-03-20 10:39:33,8.76,76,clear sky
2025-03-20 10:51:58,8.76,76,clear sky
2025-03-20 11:12:55,7.62,73,clear sky
2025-03-20 11:27:51,7.62,73,haze
2025-03-20 11:40:00,8.76,71,haze
2025-03-20 11:52:39,8.76,71,haze
2025-03-20 12:32:31,8.76,71,haze
2025-03-20 13:04:45,8.76,71,haze
2025-03-20 13:33:20,6.97,79,haze
2025-03-20 13:46:29,6.53,83,haze
2025-03-20 13:58:46,6.53,83,haze
2025-03-20 14:27:43,6.53,83,mist
2025-03-20 14:45:45,6.76,87,mist
2025-03-20 14:58:12,6.21,86,mist
2025-03-20 15:28:01,6.21,86,scattered clouds
2025-03-20 15:43:51,6.07,87,mist
2025-03-20 15:56:04,6.07,87,mist
2025-03-20 16:31:30,6.07,87,mist
2025-03-20 16:50:32,6.03,87,mist
2025-03-20 17:11:23,6.03,87,scattered clouds
2025-03-20 17:31:59,6.01,87,mist
2025-03-20 17:44:18,7.76,87,mist
2025-03-20 17:56:24,7.76,87,mist
2025-03-20 18:33:51,6.76,100,mist
2025-03-20 18:49:05,5.84,88,mist
2025-03-20 19:07:30,6.76,100,mist
2025-03-20 19:23:45,5.84,88,mist
2025-03-20 19:37:43,5.58,90,mist
2025-03-20 19:50:03,5.58,90,mist
2025-03-20 20:12:46,5.58,90,broken clouds
2025-03-20 20:32:47,5.58,90,mist
2025-03-20 20:46:06,6.76,100,mist
2025-03-20 20:58:27,5.26,92,mist
2025-03-20 21:23:28,5.26,92,mist
2025-03-20 21:37:08,5.12,93,mist
2025-03-20 21:49:33,5.12,93,mist
2025-03-20 22:09:38,5.12,93,broken clouds
2025-03-20 22:32:07,5.12,93,mist
2025-03-20 22:44:34,6.03,87,mist
2025-03-20 22:56:50,6.76,100,mist
2025-03-20 23:23:55,6.03,87,mist
2025-03-20 23:38:24,7.76,93,mist
2025-03-20 23:50:34,7.45,78,mist
2025-03-21 01:00:42,9.76,76,mist
2025-03-21 02:35:35,10.76,58,haze
2025-03-21 03:19:24,14.76,51,scattered clouds
2025-03-21 03:46:31,14.24,44,haze
2025-03-21 03:58:47,14.25,44,haze
2025-03-21 04:30:11,14.01,44,scattered clouds
2025-03-21 04:46:12,14.77,40,clear sky
2025-03-21 04:58:32,14.76,40,clear sky
2025-03-21 05:25:59,14.67,36,scattered clouds
2025-03-21 05:41:36,17.79,33,clear sky
2025-03-21 05:53:59,17.79,33,clear sky
2025-03-21 06:29:48,18.31,33,clear sky
2025-03-21 06:50:35,18.34,32,clear sky
2025-03-21 07:12:15,18.5,29,clear sky
2025-03-21 07:29:26,18.32,30,clear sky
2025-03-21 07:41:48,15.76,44,clear sky
2025-03-21 07:54:00,17.82,30,clear sky
2025-03-21 08:25:19,14.76,41,clear sky
2025-03-21 08:44:57,16.28,33,clear sky
2025-03-21 08:57:09,16.26,33,clear sky
2025-03-21 09:25:49,15.92,33,clear sky
2025-03-21 09:42:08,13.76,44,clear sky
2025-03-21 09:54:32,11.65,41,clear sky
2025-03-21 10:22:08,11.03,41,clear sky
2025-03-21 10:41:18,10.31,47,clear sky
2025-03-21 10:53:43,10.31,47,clear sky
2025-03-21 11:16:04,10.39,45,clear sky
2025-03-21 11:28:51,9.89,53,clear sky
2025-03-21 11:41:43,9.15,58,clear sky
2025-03-21 11:53:48,8.76,66,clear sky
2025-03-21 12:37:56,9.32,56,clear sky
2025-03-21 13:11:56,8.68,61,clear sky
2025-03-21 13:36:10,8.18,65,clear sky
2025-03-21 13:48:48,8.18,65,clear sky
2025-03-21 14:08:41,6.76,76,clear sky
2025-03-21 14:32:15,8.18,65,clear sky
2025-03-21 14:45:20,7.8,68,clear sky
2025-03-21 14:57:45,5.76,81,clear sky
2025-03-21 15:26:19,7.8,68,clear sky
2025-03-21 15:42:11,7.56,69,clear sky
2025-03-21 15:54:44,6.76,76,clear sky
2025-03-21 16:27:14,7.56,69,clear sky
2025-03-21 16:48:31,7.41,70,clear sky
2025-03-21 17:07:15,7.41,70,clear sky
2025-03-21 17:29:53,6.76,81,clear sky
2025-03-21 17:42:22,7.15,71,clear sky
2025-03-21 17:54:29,7.15,71,clear sky
2025-03-21 18:28:52,6.76,81,clear sky
2025-03-21 18:47:15,7.08,73,clear sky
2025-03-21 18:59:38,7.08,73,clear sky
2025-03-21 19:19:12,7.08,73,clear sky
2025-03-21 19:32:00,7.08,73,clear sky
2025-03-21 19:44:16,6.91,73,clear sky
2025-03-21 19:56:28,6.91,73,clear sky
2025-03-21 20:25:02,6.91,73,mist
2025-03-21 20:41:18,6.81,72,mist
2025-03-21 20:53:36,6.81,72,mist
2025-03-21 21:16:55,6.81,72,clear sky
2025-03-21 21:30:18,3.76,93,mist
2025-03-21 21:42:58,3.76,93,mist
2025-03-21 21:55:11,6.8,70,mist
2025-03-21 22:21:20,6.76,81,mist
2025-03-21 22:38:23,6.8,70,mist
2025-03-21 22:50:35,7.99,64,mist
2025-03-21 23:11:39,7.99,64,clear sky
2025-03-21 23:28:45,7.99,64,mist
2025-03-21 23:41:09,9.72,57,mist
2025-03-21 23:53:18,9.72,57,mist
2025-03-22 01:22:45,11.54,49,clear sky
2025-03-22 02:40:19,18.24,38,haze
2025-03-22 03:19:17,18.39,36,clear sky
2025-03-22 03:46:01,20.06,34,haze
2025-03-22 03:58:20,20.07,34,haze
2025-03-22 04:28:44,20.21,32,haze
2025-03-22 04:45:51,21.52,29,haze
2025-03-22 04:57:59,21.52,29,haze
2025-03-22 05:24:24,18.76,34,clear sky
2025-03-22 05:40:32,21.77,30,clear sky
2025-03-22 05:52:56,18.76,34,clear sky
2025-03-22 06:22:39,22.08,26,clear sky
2025-03-22 06:43:06,22.23,27,clear sky
2025-03-22 06:55:12,22.23,27,clear sky
2025-03-22 07:19:27,22.32,25,clear sky
2025-03-22 07:32:43,22.16,25,clear sky
2025-03-22 07:45:00,17.76,34,clear sky
2025-03-22 07:57:20,20.38,29,clear sky
2025-03-22 08:28:24,20.17,26,clear sky
2025-03-22 08:44:24,16.76,36,clear sky
2025-03-22 08:56:25,18.57,32,clear sky
2025-03-22 09:23:29,18.61,28,clear sky
2025-03-22 09:38:22,14.76,41,clear sky
2025-03-22 09:50:44,16.7,38,clear sky
2025-03-22 10:13:23,11.87,52,clear sky
2025-03-22 10:36:29,12.76,47,clear sky
2025-03-22 10:48:55,12.76,47,clear sky
2025-03-22 11:07:12,11.77,42,clear sky
2025-03-22 11:23:33,11.77,42,clear sky
2025-03-22 11:37:51,11.31,54,clear sky
2025-03-22 11:50:22,10.82,58,clear sky
2025-03-22 12:20:23,10.84,61,clear sky
2025-03-22 12:54:17,10.27,64,clear sky
2025-03-22 13:22:06,10.26,64,clear sky
2025-03-22 13:36:13,10.76,62,clear sky
2025-03-22 13:48:49,9.78,66,clear sky
2025-03-22 14:08:43,10.76,62,clear sky
2025-03-22 14:29:57,9.78,66,clear sky
2025-03-22 14:42:15,9.45,67,clear sky
2025-03-22 14:54:43,9.45,67,clear sky
2025-03-22 15:19:21,9.45,67,clear sky
2025-03-22 15:33:02,9.45,67,clear sky
2025-03-22 15:45:21,9.07,68,clear sky
2025-03-22 15:57:35,9.07,68,clear sky
2025-03-22 16:28:20,6.76,76,clear sky
2025-03-22 16:43:59,8.83,69,clear sky
2025-03-22 16:56:34,8.83,69,clear sky
2025-03-22 17:19:16,8.83,69,clear sky
2025-03-22 17:32:32,8.83,69,clear sky
2025-03-22 17:45:02,8.56,70,clear sky
2025-03-22 17:57:26,8.81,69,clear sky
2025-03-22 18:30:52,8.81,69,clear sky
2025-03-22 18:45:49,4.76,93,clear sky
2025-03-22 18:57:58,8.62,70,clear sky
2025-03-22 19:19:09,8.62,70,clear sky
2025-03-22 19:31:50,8.62,70,clear sky
2025-03-22 19:43:58,4.76,87,clear sky
2025-03-22 19:56:28,8.36,69,clear sky
2025-03-22 20:24:02,3.76,100,clear sky
2025-03-22 20:38:31,8.24,69,clear sky
2025-03-22 20:51:04,8.24,69,clear sky
2025-03-22 21:11:47,8.24,69,clear sky
2025-03-22 21:27:31,3.76,93,mist
2025-03-22 21:39:41,8.24,69,mist
2025-03-22 21:52:26,8.24,68,mist
2025-03-22 22:14:00,8.24,68,clear sky
2025-03-22 22:32:08,8.24,68,mist
2025-03-22 22:44:44,2.76,93,mist
2025-03-22 22:56:52,2.76,93,mist
2025-03-22 23:22:39,9.23,62,clear sky
2025-03-22 23:36:23,8.76,87,mist
2025-03-22 23:49:05,8.76,87,mist
2025-03-23 00:50:11,13.32,41,clear sky
2025-03-23 02:25:52,18.76,34,clear sky
2025-03-23 03:21:32,20.51,27,clear sky
2025-03-23 03:46:18,22.6,26,clear sky
2025-03-23 03:58:33,22.59,26,clear sky
2025-03-23 04:28:24,21.76,26,clear sky
2025-03-23 04:43:51,21.76,26,clear sky
2025-03-23 04:56:10,24.05,22,clear sky
2025-03-23 05:22:41,24.27,24,clear sky
2025-03-23 05:38:10,24.72,23,clear sky
2025-03-23 05:50:34,24.63,22,clear sky
2025-03-23 06:16:03,24.63,22,clear sky
2025-03-23 06:40:05,23.78,23,few clouds
2025-03-23 06:52:28,23.78,23,few clouds
2025-03-23 07:14:18,23.52,23,overcast clouds
2025-03-23 07:29:45,23.62,23,clear sky
2025-03-23 07:42:13,23.49,26,clear sky
2025-03-23 07:54:34,23.42,26,clear sky
2025-03-23 08:24:58,22.96,27,overcast clouds
2025-03-23 08:42:50,18.76,39,overcast clouds
2025-03-23 08:54:57,21.29,33,overcast clouds
2025-03-23 09:20:08,16.76,34,overcast clouds
2025-03-23 09:33:31,21.19,29,broken clouds
2025-03-23 09:46:05,19.29,34,broken clouds
2025-03-23 09:58:09,19.26,34,broken clouds
2025-03-23 10:25:24,18.9,34,overcast clouds
2025-03-23 10:40:50,16.16,37,broken clouds
2025-03-23 10:53:10,16.16,37,broken clouds
2025-03-23 11:13:57,16.23,36,overcast clouds
2025-03-23 11:27:34,13.76,58,overcast clouds
2025-03-23 11:39:53,13.76,58,broken clouds
2025-03-23 11:51:58,15.04,40,broken clouds
2025-03-23 12:28:10,15.01,40,overcast clouds
2025-03-23 12:59:19,14.48,41,broken clouds
2025-03-23 13:27:09,14.35,40,overcast clouds
2025-03-23 13:40:13,14.14,43,broken clouds
2025-03-23 13:52:41,14.14,43,broken clouds
2025-03-23 14:13:42,14.14,43,overcast clouds
2025-03-23 14:31:24,14.09,39,overcast clouds
2025-03-23 14:43:48,13.86,39,overcast clouds
2025-03-23 14:56:25,13.85,39,broken clouds
2025-03-23 15:24:03,13.84,39,overcast clouds
2025-03-23 15:37:42,11.76,58,broken clouds
2025-03-23 15:50:04,13.55,38,overcast clouds
2025-03-23 16:12:25,13.55,38,overcast clouds
2025-03-23 16:36:22,13.55,38,overcast clouds
2025-03-23 16:48:48,13.14,38,overcast clouds
2025-03-23 17:07:21,13.14,38,overcast clouds
2025-03-23 17:28:02,13.14,38,overcast clouds
2025-03-23 17:40:38,12.76,47,broken clouds
2025-03-23 17:53:00,12.76,47,broken clouds
2025-03-23 18:22:21,11.76,54,overcast clouds
2025-03-23 18:42:19,12.51,40,broken clouds
2025-03-23 18:54:45,12.51,40,broken clouds
2025-03-23 19:16:54,12.51,40,broken clouds
2025-03-23 19:29:02,12.51,40,broken clouds
2025-03-23 19:41:26,12.18,40,overcast clouds
2025-03-23 19:53:54,12.18,40,overcast clouds
2025-03-23 20:19:38,12.18,40,overcast clouds
2025-03-23 20:36:11,11.83,42,broken clouds
2025-03-23 20:48:44,11.83,42,broken clouds
2025-03-23 21:07:09,7.76,66,broken clouds
2025-03-23 21:25:25,11.83,42,overcast clouds
2025-03-23 21:38:33,12.76,47,broken clouds
2025-03-23 21:51:01,12.76,47,broken clouds
2025-03-23 22:13:06,11.75,43,overcast clouds
2025-03-23 22:33:37,12.76,50,broken clouds
2025-03-23 22:45:59,12.76,50,broken clouds
2025-03-23 22:58:25,12.06,46,broken clouds
2025-03-23 23:22:18,12.05,46,overcast clouds
2025-03-23 23:36:43,13.15,53,broken clouds
2025-03-23 23:49:00,13.15,53,broken clouds
2025-03-24 00:47:12,14.76,55,broken clouds
2025-03-24 02:20:20,15.3,51,overcast clouds
2025-03-24 03:13:22,15.9,51,broken clouds
2025-03-24 03:45:03,19.76,46,clear sky
2025-03-24 03:57:17,19.81,46,clear sky
2025-03-24 04:30:51,18.76,48,broken clouds
2025-03-24 04:47:31,19.94,42,few clouds
2025-03-24 04:59:40,20,42,few clouds
2025-03-24 05:27:43,18.76,52,broken clouds
2025-03-24 05:43:02,19.95,41,clear sky
2025-03-24 05:55:07,19.95,41,clear sky
2025-03-24 06:32:30,20,41,clear sky
2025-03-24 06:50:46,20.12,41,clear sky
2025-03-24 07:13:40,20.38,37,few clouds
2025-03-24 07:31:53,19.39,43,few clouds
2025-03-24 07:44:16,19.39,43,few clouds
2025-03-24 07:56:29,19.32,43,few clouds
2025-03-24 08:32:42,18.85,43,few clouds
2025-03-24 08:50:27,15.76,59,few clouds
2025-03-24 09:14:11,18.01,43,broken clouds
2025-03-24 09:34:28,15.88,55,scattered clouds
2025-03-24 09:47:04,15.88,55,scattered clouds
2025-03-24 09:59:19,15.82,55,scattered clouds
2025-03-24 10:30:42,15.43,51,scattered clouds
2025-03-24 10:46:41,14.07,58,scattered clouds
2025-03-24 10:59:07,14.06,58,scattered clouds
2025-03-24 11:22:02,14.17,54,broken clouds
2025-03-24 11:35:49,13.59,61,mist
2025-03-24 11:48:20,12.79,67,mist
2025-03-24 12:15:12,13.17,66,scattered clouds
2025-03-24 12:58:11,11.03,76,mist
2025-03-24 13:33:49,11,76,mist
2025-03-24 13:48:01,11.46,77,mist
2025-03-24 14:00:18,11.46,77,mist
2025-03-24 14:29:14,11.45,77,mist
2025-03-24 14:46:37,9.64,80,mist
2025-03-24 14:59:04,9.64,80,mist
2025-03-24 15:28:29,9.64,80,mist
2025-03-24 15:44:22,9.41,81,mist
2025-03-24 15:56:35,9.41,81,mist
2025-03-24 16:32:27,9.41,81,mist
2025-03-24 16:51:06,9.47,80,mist
2025-03-24 17:12:36,9.47,80,scattered clouds
2025-03-24 17:32:53,9.47,80,mist
2025-03-24 17:45:16,9.24,82,mist
2025-03-24 17:57:44,9.24,82,mist
2025-03-24 18:35:03,9.14,82,mist
2025-03-24 18:51:36,8.72,85,mist
2025-03-24 19:12:00,8.72,85,few clouds
2025-03-24 19:26:25,8.72,85,mist
2025-03-24 19:39:21,8.44,86,mist
2025-03-24 19:51:35,8.44,86,mist
2025-03-24 20:14:32,8.44,86,few clouds
2025-03-24 20:32:22,8.44,86,mist
2025-03-24 20:44:58,8.31,87,mist
2025-03-24 20:57:06,8.31,87,mist
2025-03-24 21:23:02,8.31,87,mist
2025-03-24 21:37:03,8.31,87,mist
2025-03-24 21:49:23,8.45,87,mist
2025-03-24 22:09:09,8.45,87,few clouds
2025-03-24 22:32:58,8.45,87,mist
2025-03-24 22:45:09,10.01,81,mist
2025-03-24 22:57:35,10.01,81,mist
2025-03-24 23:24:47,10.01,81,mist
2025-03-24 23:39:27,12.65,70,mist
2025-03-24 23:51:42,12.65,70,mist
2025-03-25 01:12:01,15.17,52,haze
2025-03-25 02:39:46,20.2,39,dust
2025-03-25 03:22:07,20.22,40,broken clouds
2025-03-25 03:47:14,22.94,30,haze
2025-03-25 03:59:38,22.95,30,haze
2025-03-25 04:32:12,23.29,32,broken clouds
2025-03-25 04:50:03,23.49,31,haze
2025-03-25 05:12:16,23.6,31,broken clouds
2025-03-25 05:33:35,23.88,28,sand
2025-03-25 05:45:43,19.21,39,sand
2025-03-25 05:58:15,19.21,39,sand
2025-03-25 06:35:37,20.48,35,sand
2025-03-25 06:51:48,19.22,43,sand
2025-03-25 07:17:01,18.83,46,sand
2025-03-25 07:33:08,18.39,47,sand
2025-03-25 07:45:33,16.58,48,sand
2025-03-25 07:57:58,16.56,48,sand
2025-03-25 08:32:05,16.11,48,broken clouds
2025-03-25 08:49:57,14.63,49,sand
2025-03-25 09:12:25,14.72,50,overcast clouds
2025-03-25 09:32:48,14.3,48,sand
2025-03-25 09:45:21,13.6,51,sand
2025-03-25 09:57:54,13.58,50,sand
2025-03-25 10:29:24,13.37,52,sand
2025-03-25 10:46:45,11.54,55,sand
2025-03-25 10:58:55,11.54,55,sand
2025-03-25 11:22:37,11.48,55,clear sky
2025-03-25 11:36:41,11.48,55,sand
2025-03-25 11:49:21,9.04,58,sand
2025-03-25 12:19:11,9.04,58,broken clouds
2025-03-25 12:58:53,8.84,61,clear sky
2025-03-25 13:33:17,8.8,61,clear sky
2025-03-25 13:47:30,8.54,62,clear sky
2025-03-25 13:59:49,8.54,62,clear sky
2025-03-25 14:29:26,8.53,62,clear sky
2025-03-25 14:46:57,8.28,62,clear sky
2025-03-25 14:59:16,8.28,62,clear sky
2025-03-25 15:29:37,8.28,62,clear sky
2025-03-25 15:45:41,7.87,65,clear sky
2025-03-25 15:58:10,7.87,65,clear sky
2025-03-25 16:30:42,7.87,65,clear sky
2025-03-25 16:49:42,7.43,69,clear sky
2025-03-25 17:09:52,7.43,69,clear sky
2025-03-25 17:31:44,7.43,69,clear sky
2025-03-25 17:44:34,7.08,71,clear sky
2025-03-25 17:56:45,7.08,71,clear sky
2025-03-25 18:34:08,7.2,71,clear sky
2025-03-25 18:51:19,7.2,71,clear sky
2025-03-25 19:11:42,7.2,71,clear sky
2025-03-25 19:26:22,7.2,71,clear sky
2025-03-25 19:39:14,7.08,70,clear sky
2025-03-25 19:51:22,7.08,70,clear sky
2025-03-25 20:15:31,7.08,70,clear sky
2025-03-25 20:35:01,7.07,69,clear sky
2025-03-25 20:48:39,7.07,69,clear sky
2025-03-25 21:07:40,7.07,69,clear sky
2025-03-25 21:27:19,7.07,69,clear sky
2025-03-25 21:40:31,7.33,66,clear sky
2025-03-25 21:52:51,7.33,66,clear sky
2025-03-25 22:17:35,7.33,66,clear sky
2025-03-25 22:37:28,7.33,66,clear sky
2025-03-25 22:49:51,8.46,59,clear sky
2025-03-25 23:10:12,8.46,59,clear sky
2025-03-25 23:28:31,8.46,59,clear sky
2025-03-25 23:41:27,10.15,49,clear sky
2025-03-25 23:54:04,10.19,49,clear sky
2025-03-26 01:39:17,13.34,39,clear sky
2025-03-26 02:48:58,17.79,28,clear sky
2025-03-26 03:23:26,17.8,28,clear sky
2025-03-26 03:47:34,18.59,23,clear sky
2025-03-26 03:59:48,18.61,23,clear sky
2025-03-26 04:30:16,18.84,19,clear sky
2025-03-26 04:46:21,21.64,19,clear sky
2025-03-26 04:58:52,21.63,19,clear sky
2025-03-26 05:26:20,21.59,21,few clouds
2025-03-26 05:42:44,25.16,16,clear sky
2025-03-26 05:55:10,25.11,16,clear sky
2025-03-26 06:31:47,25.11,16,clear sky
2025-03-26 06:49:28,24.76,15,clear sky
2025-03-26 07:10:40,24.63,16,overcast clouds
2025-03-26 07:29:16,25.12,15,clear sky
2025-03-26 07:41:44,24.68,15,clear sky
2025-03-26 07:53:56,24.68,15,clear sky
2025-03-26 08:26:46,24.87,16,clear sky
2025-03-26 08:47:39,23.56,16,clear sky
2025-03-26 09:00:05,23.6,16,clear sky
2025-03-26 09:28:13,23.27,20,clear sky
2025-03-26 09:43:15,21.5,19,clear sky
2025-03-26 09:55:46,21.44,20,clear sky
2025-03-26 10:25:51,21.07,25,clear sky
2025-03-26 10:44:53,20.24,23,clear sky
2025-03-26 10:57:05,20.15,23,clear sky
2025-03-26 11:20:26,19.7,29,clear sky
2025-03-26 11:34:07,19.7,29,scattered clouds
2025-03-26 11:46:36,18.88,27,scattered clouds
2025-03-26 11:59:02,18.85,28,scattered clouds
2025-03-26 12:52:03,17.66,32,clear sky
2025-03-26 13:25:14,17.64,33,broken clouds
2025-03-26 13:44:51,16.97,33,clear sky
2025-03-26 13:57:25,16.98,33,clear sky
2025-03-26 14:26:28,17.07,29,clear sky
2025-03-26 14:45:43,16.34,37,clear sky
2025-03-26 14:58:04,16.35,36,clear sky
2025-03-26 15:28:10,16.39,33,clear sky
2025-03-26 15:44:41,15.41,40,clear sky
2025-03-26 15:57:11,15.41,40,clear sky
2025-03-26 16:33:08,15.41,40,broken clouds
2025-03-26 16:51:57,15.19,54,broken clouds
2025-03-26 17:14:07,15.19,54,overcast clouds
2025-03-26 17:33:37,15.19,54,broken clouds
2025-03-26 17:46:03,13.98,77,broken clouds
2025-03-26 17:58:31,13.98,77,broken clouds
2025-03-26 18:35:04,13.37,84,broken clouds
2025-03-26 18:51:36,13.37,84,broken clouds
2025-03-26 19:12:32,13.37,84,overcast clouds
2025-03-26 19:26:40,13.37,84,broken clouds
2025-03-26 19:39:36,12.72,87,broken clouds
2025-03-26 19:52:12,12.72,87,broken clouds
2025-03-26 20:17:53,12.67,89,overcast clouds
2025-03-26 20:36:27,12.65,89,broken clouds
2025-03-26 20:49:09,12.65,89,broken clouds
2025-03-26 21:08:55,12.72,88,overcast clouds
2025-03-26 21:28:18,12.69,88,broken clouds
2025-03-26 21:42:14,12.13,90,overcast clouds
2025-03-26 21:54:27,12.45,89,light rain
2025-03-26 22:19:30,12.5,88,overcast clouds
2025-03-26 22:37:50,12.49,88,mist
2025-03-26 22:50:04,11.8,89,mist
2025-03-26 23:11:15,11.57,87,mist
2025-03-26 23:29:36,11.38,92,overcast clouds
2025-03-26 23:42:25,11.46,91,overcast clouds
2025-03-26 23:54:47,11.46,91,overcast clouds
2025-03-27 01:45:04,13.32,83,mist
2025-03-27 02:51:53,14.47,80,mist
2025-03-27 03:29:55,14.48,78,mist
2025-03-27 03:52:37,16.08,71,mist
2025-03-27 04:19:29,16.1,72,overcast clouds
2025-03-27 04:41:21,18.06,63,mist
2025-03-27 04:53:52,18.06,63,mist
2025-03-27 05:18:56,18.08,64,overcast clouds
2025-03-27 05:37:43,18.88,37,haze
2025-03-27 05:50:14,18.84,45,haze
2025-03-27 06:17:10,18.89,50,overcast clouds
2025-03-27 06:43:56,19.23,37,clear sky
2025-03-27 06:56:08,18.94,37,clear sky
2025-03-27 07:23:29,18.96,43,overcast clouds
2025-03-27 07:37:34,18.96,32,clear sky
2025-03-27 07:49:50,17.92,30,clear sky
2025-03-27 08:14:44,18.15,36,overcast clouds
2025-03-27 08:40:13,16.2,28,broken clouds
2025-03-27 08:53:43,16.14,27,broken clouds
2025-03-27 09:21:17,15.94,24,clear sky
2025-03-27 09:39:23,12.85,30,clear sky
2025-03-27 09:51:51,12.85,30,clear sky
2025-03-27 10:16:42,12.87,31,overcast clouds
2025-03-27 10:39:44,10.56,29,clear sky
2025-03-27 10:52:00,10.56,29,clear sky
2025-03-27 11:12:58,10.56,29,clear sky
2025-03-27 11:27:37,10.56,29,clear sky
2025-03-27 11:40:21,7.94,35,clear sky
2025-03-27 11:52:47,7.94,35,clear sky
2025-03-27 12:35:11,7.94,35,light rain
2025-03-27 13:06:38,8.64,36,moderate rain
2025-03-27 13:36:12,7.1,39,clear sky
2025-03-27 13:49:23,7.1,39,clear sky
2025-03-27 14:10:20,7.1,39,overcast clouds
2025-03-27 14:35:42,7.1,39,clear sky
2025-03-27 14:49:42,7.51,40,clear sky
2025-03-27 15:11:42,7.51,40,overcast clouds
2025-03-27 15:34:18,7.51,40,clear sky
2025-03-27 15:47:38,6.75,39,clear sky
2025-03-27 15:59:52,6.75,39,clear sky
2025-03-27 16:33:52,6.75,39,clear sky
2025-03-27 16:52:22,6.76,38,clear sky
2025-03-27 17:14:28,6.76,38,overcast clouds
2025-03-27 17:31:41,6.76,38,broken clouds
2025-03-27 17:44:04,6.24,39,broken clouds
2025-03-27 17:56:14,6.24,39,broken clouds
2025-03-27 18:33:50,5.31,42,broken clouds
2025-03-27 18:50:47,5.31,42,broken clouds
2025-03-27 19:10:35,5.31,42,overcast clouds
2025-03-27 19:25:27,5.31,42,clear sky
2025-03-27 19:38:52,5.31,42,clear sky
2025-03-27 19:51:32,7.35,41,clear sky
2025-03-27 20:15:30,7.35,41,overcast clouds
2025-03-27 20:33:45,7.35,41,clear sky
2025-03-27 20:46:08,6.56,39,clear sky
2025-03-27 20:58:32,6.56,39,clear sky
2025-03-27 21:24:12,6.56,39,broken clouds
2025-03-27 21:38:21,5.19,39,clear sky
2025-03-27 21:50:43,5.19,39,clear sky
2025-03-27 22:11:54,5.19,39,broken clouds
2025-03-27 22:33:40,4.84,39,clear sky
2025-03-27 22:46:14,4.84,39,clear sky
2025-03-27 22:58:30,4.84,39,clear sky
2025-03-27 23:25:34,4.84,39,broken clouds
2025-03-27 23:40:51,5.8,33,clear sky
2025-03-27 23:53:17,5.8,33,clear sky
2025-03-28 01:23:52,8.24,23,overcast clouds
2025-03-28 02:47:43,10.24,12,few clouds
2025-03-28 03:24:03,10.24,12,few clouds
2025-03-28 03:48:36,11.62,10,few clouds
2025-03-28 04:10:53,11.62,10,scattered clouds
2025-03-28 04:36:33,11.62,10,clear sky
2025-03-28 04:51:20,11.61,8,clear sky
2025-03-28 05:14:33,11.61,8,scattered clouds
2025-03-28 05:36:57,11.61,8,clear sky
2025-03-28 05:49:09,12.4,8,clear sky
2025-03-28 06:14:35,12.4,8,scattered clouds
2025-03-28 06:44:21,12.11,8,clear sky
2025-03-28 06:56:27,12.11,8,clear sky
2025-03-28 07:23:56,12.11,8,clear sky
2025-03-28 07:39:13,12.11,8,clear sky
2025-03-28 07:51:36,10.79,8,clear sky
2025-03-28 08:19:25,10.79,8,clear sky
2025-03-28 08:41:33,9.69,9,clear sky
2025-03-28 08:54:05,9.69,9,clear sky
2025-03-28 09:21:29,9.69,9,clear sky
2025-03-28 09:39:14,8.53,12,clear sky
2025-03-28 09:51:45,8.53,12,clear sky
2025-03-28 10:15:46,8.53,12,clear sky
2025-03-28 10:39:15,7.85,13,clear sky
2025-03-28 10:51:44,7.85,13,clear sky
2025-03-28 11:12:33,7.85,13,few clouds
2025-03-28 11:27:47,7.85,13,clear sky
2025-03-28 11:40:18,7.09,15,clear sky
2025-03-28 11:52:44,7.09,15,clear sky
2025-03-28 12:33:41,7.09,15,clear sky
2025-03-28 13:05:11,6.19,15,overcast clouds
2025-03-28 13:33:55,6.19,15,clear sky
2025-03-28 13:47:05,5.55,17,clear sky
2025-03-28 13:59:36,5.55,17,clear sky
2025-03-28 14:27:03,5.55,17,clear sky
2025-03-28 14:44:06,5.26,16,clear sky
2025-03-28 14:56:29,1.76,44,clear sky
2025-03-28 15:26:15,-0.24,47,clear sky
2025-03-28 15:42:35,-0.24,47,clear sky
2025-03-28 15:55:13,-0.24,47,clear sky
2025-03-28 16:28:23,-1.24,59,clear sky
2025-03-28 16:47:36,-1.24,59,clear sky
2025-03-28 16:59:48,-1.24,59,clear sky
2025-03-28 17:25:20,4.55,18,broken clouds
2025-03-28 17:40:38,-1.24,55,clear sky
2025-03-28 17:52:59,-1.24,55,clear sky
2025-03-28 18:24:56,-1.24,55,clear sky
2025-03-28 18:48:58,-1.24,55,clear sky
2025-03-28 19:07:48,-1.24,55,clear sky
2025-03-28 19:24:08,3.58,26,clear sky
2025-03-28 19:37:34,-2.24,54,clear sky
2025-03-28 19:49:55,-2.24,54,clear sky
2025-03-28 20:13:02,-2.24,54,clear sky
2025-03-28 20:32:56,-2.24,69,clear sky
2025-03-28 20:45:44,-2.24,69,clear sky
2025-03-28 20:58:00,-2.24,69,clear sky
2025-03-28 21:23:14,-3.24,74,clear sky
2025-03-28 21:36:48,-3.24,74,clear sky
2025-03-28 21:49:06,-3.24,74,clear sky
2025-03-28 22:09:02,-3.24,74,clear sky
2025-03-28 22:31:17,-1.24,64,clear sky
2025-03-28 22:43:35,-1.24,64,clear sky
2025-03-28 22:55:44,-1.24,64,clear sky
2025-03-28 23:22:47,3.76,56,clear sky
2025-03-28 23:37:14,3.76,56,clear sky
2025-03-28 23:49:38,3.76,56,clear sky
2025-03-29 00:51:39,2.76,75,broken clouds
2025-03-29 02:20:30,3.78,81,snow
2025-03-29 03:08:34,4.76,87,scattered clouds
2025-03-29 03:41:30,4.76,65,light rain and snow
2025-03-29 03:54:03,4.76,65,light rain and snow
2025-03-29 04:25:08,6.76,45,scattered clouds
2025-03-29 04:45:49,6.76,45,scattered clouds
2025-03-29 04:57:59,6.76,45,scattered clouds
2025-03-29 05:24:08,7.76,34,light rain
2025-03-29 05:39:30,7.76,34,light rain
2025-03-29 05:52:00,7.76,34,clear sky
2025-03-29 06:20:12,5.41,13,broken clouds
2025-03-29 06:41:47,6.76,23,clear sky
2025-03-29 06:54:03,6.76,23,clear sky
2025-03-29 07:17:24,5.63,11,clear sky
2025-03-29 07:29:42,6.76,14,clear sky
2025-03-29 07:42:03,6.76,14,clear sky
2025-03-29 07:54:16,6.76,14,clear sky
2025-03-29 08:24:20,5.76,17,clear sky
2025-03-29 08:43:07,5.76,17,clear sky
2025-03-29 08:55:22,5.76,17,clear sky
2025-03-29 09:22:37,3.76,22,clear sky
2025-03-29 09:36:37,3.76,22,clear sky
2025-03-29 09:49:15,3.76,22,clear sky
2025-03-29 10:09:10,3.14,17,clear sky
2025-03-29 10:34:41,1.76,30,clear sky
2025-03-29 10:47:20,1.76,30,clear sky
2025-03-29 10:59:35,1.76,30,clear sky
2025-03-29 11:21:05,1.76,30,clear sky
2025-03-29 11:35:11,1.76,30,clear sky
2025-03-29 11:47:35,1.76,30,clear sky
2025-03-29 11:59:46,1.76,30,clear sky
2025-03-29 12:46:54,0.76,34,clear sky
2025-03-29 13:13:25,0.76,34,clear sky
2025-03-29 13:32:19,0.76,37,clear sky
2025-03-29 13:44:50,0.76,37,clear sky
2025-03-29 13:57:02,0.76,37,clear sky
2025-03-29 14:24:01,0.76,44,clear sky
2025-03-29 14:41:10,0.76,44,clear sky
2025-03-29 14:53:18,0.76,44,clear sky
2025-03-29 15:18:27,1.45,32,scattered clouds
2025-03-29 15:33:15,-0.24,51,clear sky
2025-03-29 15:45:44,-0.24,51,clear sky
2025-03-29 15:58:06,-0.24,51,clear sky
2025-03-29 16:30:20,-0.24,55,clear sky
2025-03-29 16:47:38,-0.24,55,clear sky
2025-03-29 16:59:52,-0.24,55,clear sky
2025-03-29 17:23:35,0.91,33,few clouds
2025-03-29 17:37:14,-1.24,64,clear sky
2025-03-29 17:49:43,-1.24,64,clear sky
2025-03-29 18:13:21,-1.24,64,clear sky
2025-03-29 18:38:14,-1.24,69,clear sky
2025-03-29 18:50:30,-1.24,69,clear sky
2025-03-29 19:08:54,-1.24,69,clear sky
2025-03-29 19:24:17,-2.24,74,clear sky
2025-03-29 19:37:18,-2.24,74,clear sky
2025-03-29 19:49:27,-2.24,74,clear sky
2025-03-29 20:10:07,-2.24,74,clear sky
2025-03-29 20:29:14,-4.24,80,clear sky
2025-03-29 20:42:25,-4.24,80,clear sky
2025-03-29 20:54:36,-4.24,80,clear sky
2025-03-29 21:18:17,0.75,21,clear sky
2025-03-29 21:30:49,-4.24,86,clear sky
2025-03-29 21:43:10,-4.24,86,clear sky
2025-03-29 21:55:23,-4.24,86,clear sky
2025-03-29 22:20:21,0.87,21,clear sky
2025-03-29 22:36:35,-3.24,86,clear sky
2025-03-29 22:49:00,-3.24,86,clear sky
2025-03-29 23:08:23,-3.24,86,clear sky
2025-03-29 23:27:23,2.76,56,clear sky
2025-03-29 23:41:01,2.76,56,clear sky
2025-03-29 23:53:27,2.76,56,clear sky
2025-03-30 01:39:32,5.76,39,clear sky
2025-03-30 02:58:47,5.76,42,light rain
2025-03-30 03:39:52,4.76,75,overcast clouds
2025-03-30 03:56:39,4.76,75,light snow
2025-03-30 04:29:32,6.76,53,light rain
2025-03-30 04:46:53,6.76,53,light snow
2025-03-30 04:59:03,6.76,53,light snow
2025-03-30 05:25:23,6.08,28,light rain
2025-03-30 05:40:42,7.76,46,light rain
2025-03-30 05:52:56,7.76,46,scattered clouds
2025-03-30 06:23:31,6.76,39,light rain and snow
2025-03-30 06:45:18,6.76,39,broken clouds
2025-03-30 06:57:32,6.76,39,broken clouds
2025-03-30 07:23:37,6.85,26,overcast clouds
2025-03-30 07:36:26,7.76,36,clear sky
2025-03-30 07:48:45,7.76,36,clear sky
2025-03-30 08:10:33,6.55,25,broken clouds
2025-03-30 08:33:36,7.76,34,clear sky
2025-03-30 08:46:58,7.76,34,clear sky
2025-03-30 08:59:10,7.76,34,clear sky
2025-03-30 09:24:00,6.76,31,clear sky
2025-03-30 09:37:37,6.76,31,clear sky
2025-03-30 09:50:04,6.76,31,clear sky
2025-03-30 10:11:08,5.33,38,scattered clouds
2025-03-30 10:33:17,4.76,42,clear sky
2025-03-30 10:45:37,4.76,42,clear sky
2025-03-30 10:58:02,4.76,42,clear sky
2025-03-30 11:21:08,4.76,42,clear sky
2025-03-30 11:34:44,4.76,42,clear sky
2025-03-30 11:47:05,4.76,42,clear sky
2025-03-30 11:59:19,4.76,42,clear sky
2025-03-30 12:47:25,4.76,48,clear sky
2025-03-30 13:14:00,4.5,55,scattered clouds
2025-03-30 13:33:15,3.76,56,clear sky
2025-03-30 13:45:39,3.76,56,clear sky
2025-03-30 13:57:58,3.76,56,clear sky
2025-03-30 14:24:06,3.76,60,clear sky
2025-03-30 14:41:00,3.76,60,clear sky
2025-03-30 14:53:10,3.76,60,clear sky
2025-03-30 15:17:11,4.3,63,broken clouds
2025-03-30 15:32:04,3.76,60,clear sky
2025-03-30 15:44:31,3.76,60,clear sky
2025-03-30 15:56:51,3.76,60,clear sky
2025-03-30 16:28:44,1.76,69,clear sky
2025-03-30 16:46:10,1.76,69,clear sky
2025-03-30 16:58:52,1.76,69,clear sky
2025-03-30 17:23:24,0.76,75,clear sky
2025-03-30 17:37:56,0.76,75,clear sky
2025-03-30 17:50:13,0.76,75,clear sky
2025-03-30 18:14:30,0.76,75,clear sky
2025-03-30 18:38:44,-0.24,86,scattered clouds
2025-03-30 18:51:12,-0.24,86,scattered clouds
2025-03-30 19:10:35,-0.24,86,scattered clouds
2025-03-30 19:24:10,0.76,86,scattered clouds
2025-03-30 19:38:10,0.76,86,scattered clouds
2025-03-30 19:50:25,0.76,86,scattered clouds
2025-03-30 20:12:15,3.45,66,scattered clouds
2025-03-30 20:31:40,-0.24,86,scattered clouds
2025-03-30 20:43:55,-0.24,86,scattered clouds
2025-03-30 20:56:17,-0.24,86,scattered clouds
2025-03-30 21:22:07,-0.24,93,clear sky
2025-03-30 21:35:33,-0.24,93,clear sky
2025-03-30 21:47:59,-0.24,93,clear sky
2025-03-30 22:00:03,-0.24,93,clear sky
2025-03-30 22:25:55,0.76,86,clear sky
2025-03-30 22:41:06,0.76,86,clear sky
